hostname,distance_pc,mass_model,mass_err,mass_err_minus,mass_err_plus,age_yr_model,age_yr_err,age_yr_err_minus,age_yr_err_plus,feh_model,feh_err,feh_err_minus,feh_err_plus,av_model,chi2_total,st_mass_measured,st_age_gyr_measured,st_met_measured,G_mag_abs_measured,G_mag_abs_model,BP_mag_abs_measured,BP_mag_abs_model,RP_mag_abs_measured,RP_mag_abs_model,J_mag_abs_measured,J_mag_abs_model,H_mag_abs_measured,H_mag_abs_model,K_mag_abs_measured,K_mag_abs_model,W1_mag_abs_measured,W1_mag_abs_model,W2_mag_abs_measured,W2_mag_abs_model,W3_mag_abs_measured,W3_mag_abs_model,W4_mag_abs_measured,W4_mag_abs_model,g_mag_abs_measured,g_mag_abs_model,r_mag_abs_measured,r_mag_abs_model,i_mag_abs_measured,i_mag_abs_model,z_mag_abs_measured,z_mag_abs_model
K2-33,137.883392333984,0.5863613705459859,0.0792421587051313,0.0802335767787105,0.078250740631552,9036572.014252828,1195393.728267354,1265590.418093171,1125197.038441537,0.3293108921311896,0.3538598977149094,0.4422664490016018,0.265453346428217,1.1447607462468308,6.382793634832587,0.56,0.0093,,8.435949837027934,8.537701745971786,10.035305534659734,10.072427499821544,7.214863334952733,7.258183713588352,5.397440201102635,5.285437061885615,4.634440201102635,4.3726757869096975,4.328440201102634,4.133624167389837,4.1924402011026345,4.099798691705342,4.064440201102634,4.076904578241564,3.912440201102634,3.9630999179088016,2.7144402011026347,3.8906131428101696,10.754440201102636,10.726710203226164,9.147840201102634,9.124993045712138,7.970540201102635,7.773307630110155,6.915040201102634,6.938589076214957
TOI-2497,275.743194580078,1.841842304393589,0.0742158394605219,0.0726685475597002,0.0757631313613436,973722642.063504,164082612.58533978,159066465.902287,169098759.26839256,0.095854764060013,0.0970235302103245,0.0979610376226959,0.096086022797953,0.6733225821222705,0.0864952099404415,1.859,1.0,0.094,2.276438884584299,2.254699806314058,2.5123664663714,2.5506876541633265,1.885873012391909,1.8940272509156733,1.4944759863298982,1.4679885305389409,1.3304759863298985,1.288910867871841,1.2834759863298997,1.2311710457403169,1.2154759863298985,1.223140584770443,1.2454759863298994,1.2229176059397295,1.2214759863298985,1.221691602373956,1.2674759863298997,1.2267824221915011,,2.61959554191723,,2.3343777379124813,,2.261829196290356,,2.24315193284185
KELT-9,206.176696777344,2.511615373024448,0.0908109465041822,0.0905723813813472,0.0910495116270171,285667261.36786824,78475958.35449246,82481965.67257574,74469951.03640917,-0.0313553153778404,0.0988655667643055,0.0989649275075966,0.0987662060210145,0.3219018426942939,0.2552362106966403,2.52,0.3,-0.03,1.0190678640166668,0.999187437215754,1.0237279935637869,1.0581248507280834,0.9811111493865372,0.9708692860627978,0.8868021131316572,0.914107175499062,0.920802113131657,0.8982378436255434,0.9108021131316572,0.8889673666314604,0.8278021131316571,0.8966929230858874,0.9378021131316574,0.9023965358581886,0.864802113131657,0.9097377195399272,1.1328021131316568,0.9196438399118386,,0.9789793175303976,,1.154847876276024,,1.324706485865908,,1.4547031565730777
IRAS 04125+2902,158.65934753418,0.7470779785393291,0.0676422278356791,0.0749218164493336,0.0603626392220246,2743497.801581249,458758.16915750713,468057.2834819043,449459.05483311,0.5,0.1268357159343598,0.1764623255846064,0.0772091062841131,3.0,125.1092604786422,0.7,0.0033,,7.9790283009157825,8.417626654061268,9.59256036726098,10.150438524878702,6.735914783154481,6.890012110455327,4.706671680127181,4.579216663587852,3.753671680127182,3.46300998951432,3.373671680127181,3.123539323293004,3.035671680127182,3.073002816224435,2.8906716801271823,3.1609044082547206,2.5956716801271824,3.0214512171362595,-1.2633283198728185,2.968366035017286,10.80617168012718,11.108194187436329,8.657471680127182,8.88235389927662,10.91137168012718,7.461212946751591,6.5693716801271815,6.45428595582285
Kepler-1663,335.721527099609,0.5944958950530301,0.0958666101554284,0.1030182133646481,0.0887150069462088,15027635.703532755,22953386.61714116,8244873.034104144,37661900.200178176,0.0563461408687108,0.0952783531789155,0.0953099359235515,0.0952467704342794,0.3919322750474108,38.40318850461037,0.610816,0.0,0.06,7.969609474875104,7.964789276314627,8.924074387289707,9.069805662003027,6.999933457113905,6.92081346844676,5.788104050375604,5.4257860348324645,5.111104050375604,4.628724702624815,4.922104050375604,4.43274369102205,4.8221040503756045,4.374163742782195,4.878104050375604,4.342836921069972,4.769104050375604,4.230937261054084,1.3061040503756045,4.16723155132223,,9.700176797508838,,8.220890512029186,,7.360890153276121,,6.817947301040011
TOI-1227,100.358726501465,0.17,0.0462252437412292,0.0449387541452043,0.0475117333372541,11000000.000000007,2296343.318359264,1676926.3218356725,2915760.314882856,0.0,0.3837535308838284,0.4326774855817765,0.3348295761858805,0.0,14.715969634002928,0.17,0.011,,10.21018369542688,9.95582804080893,12.18747575627898,11.631941139360988,8.89727838384238,8.772605373677447,6.882224291435181,6.8590443740857365,6.30422429143518,6.217940715409729,6.026224291435181,5.9996692583176445,5.879224291435181,5.867020292745135,5.641224291435179,5.660709868710619,5.50822429143518,5.524170866647218,3.61722429143518,5.428484429293927,,12.187827143444618,,10.852445739778393,,9.312334595759555,,8.460458356604065
K2-225,358.043365478516,1.516778148744659,0.0813209969453077,0.0756223955663133,0.087019598324302,13133586.864289768,2439169.602115794,2178640.763687983,2699698.440543605,0.4777262576364326,0.0671619308162537,0.076579067536692,0.0577447940958154,0.4902708000190184,6.634849461815928,1.482,0.0121,0.486,3.747233353217675,3.7294588156054,4.131348572333875,4.198446967615688,3.2026662450633747,3.129748744423277,2.592321846564875,2.456156811493755,2.2763218465648745,2.0956898794480128,2.184321846564876,2.01278889013387,2.1453218465648742,1.9975974964442609,2.208321846564875,2.0426925210226896,2.1623218465648755,1.995586843343422,0.8013218465648748,2.001913456774277,,4.412699027826145,,3.709873341375552,,3.496103030058083,,3.3997168919975205
HD 114082,94.9052886962891,1.4383069093498024,0.0815131911475384,0.0806806626782365,0.0823457196168402,13264139.030422676,2945458.680490485,3354632.4220104804,2536284.9389704894,0.0499971914915123,0.0977158718523695,0.0990620667503007,0.0963696769544382,0.5217010560377211,35.7191071353349,1.47,0.015,0.0,3.2195917425376326,3.173240382578445,3.4250770864707434,3.510130094660485,2.856976157210484,2.721721566381911,2.5165479269248427,2.209767409599911,2.339547926924843,1.9513104964633303,2.2765479269248434,1.896388757634808,2.233547926924844,1.8878502862779185,2.254547926924843,1.889287178149964,2.0185479269248434,1.883601813012532,-0.965452073075157,1.886402557914883,,3.619916056492461,,3.2099855859436577,,3.0842840260374937,,3.0427758418435147
TIC 88785435,121.87931060791,0.7610374031214175,0.0629596036497628,0.0619824666427351,0.0639367406567906,15808253.330825884,1622558.3633770766,1582385.3749313615,1662731.3518227916,-0.0751806886682724,0.0987257388934974,0.0976759946784407,0.0997754831085541,0.3450560278978179,4.05879645277891,0.724,0.016,-0.08,7.175170306285763,7.156635645623916,8.084883097728664,8.0318836655809,6.229364756664264,6.238475423191463,5.005350054820964,4.986832531748737,4.334350054820963,4.190790752822572,4.116350054820963,4.033232697040914,4.016350054820963,3.988978624619985,4.023350054820963,4.022146798002943,3.910350054820963,3.909981649120185,2.899350054820964,3.87114571677181,,8.631238256145746,,7.218731888642853,,6.644710156402925,,6.279406046338498
HIP 67522,124.376594543457,1.1872215962159278,0.0756926573110722,0.0661555242666185,0.0852297903555259,16854218.709336486,1812779.516566027,1889703.5670938045,1735855.4660382494,0.0101671299080117,0.094984271440673,0.0938662681664369,0.096102274714909,0.2051751059480079,0.2168958656662598,1.22,0.017,0.0,4.141672674211958,4.156673686537064,4.485899511370168,4.526165100060353,3.646190229448778,3.635067531220074,3.1133066921562973,3.0484949128182226,2.8133066921562984,2.695087065777193,2.6903066921562973,2.643241165048676,2.634306692156298,2.6298139767747624,2.648306692156297,2.6530159580175923,2.603306692156297,2.6190901208841195,2.647306692156298,2.6190631728960745,,4.669349731975205,,4.139213673201137,,3.989005715620455,,3.937677881565304
AU Mic,9.70998287200928,0.5797042509920873,0.0609761680173978,0.0597253675255546,0.062226968509241,19873912.88422601,2466817.9073350355,2461823.0295584016,2471812.785111669,0.2023924087083123,0.0940884731062812,0.0952000746041519,0.0929768716084104,0.0,0.9343880129365884,0.51,0.0201,0.23,7.907347259850221,8.033305442892765,8.973863659233771,9.168595631939118,6.862539348931032,7.011199638626641,5.499907680840211,5.520905550969652,4.894907680840212,4.77455338748477,4.592907680840211,4.599612732810746,,4.547479361916185,,4.500247054032281,,4.390161817932178,,4.3206977722700834,,9.6969441812239,,8.398301829029954,,7.4505163312054865,,6.895292279974068
V1298 Tau,107.523368835449,1.1245149504665528,0.0525581343934106,0.0517091976687693,0.0534070711180518,21092261.860698413,4438737.251550403,4474781.496121665,4402693.006979141,0.1071538862767027,0.0961150018746413,0.0963568785061525,0.0958731252431301,3.0,117.90744039286577,1.101,0.023,0.1,4.923041601396199,6.729984637975655,5.398738165116899,7.822866332371609,4.28046633741917,5.644955038847536,3.5294856855636985,4.14756282515186,3.0334856855637,3.465314263457127,2.9364856855636985,3.2336205212687137,2.8864856855637,3.201130983508678,2.913485685563699,3.234919109805124,2.8654856855636988,3.190744269617851,2.453485685563699,3.191364345191401,9.4603856855637,8.421467667583208,9.0417856855637,6.921036230234297,8.725485685563697,6.1475848759869685,7.725985685563699,5.565024042631399
HD 109833,79.4863967895508,1.0693891335033812,0.0677865880853095,0.0679497958563755,0.0676233803142436,27870255.966730826,2599376.977121113,2496313.309241943,2702440.6450002827,-0.0792562345818549,0.0943512916091191,0.0930225045235157,0.0956800786947225,0.32937593717458,0.2788546738135484,1.08,0.027,-0.07,4.643337088041792,4.657467051975837,4.949517088346973,5.008052045079469,4.166126089506642,4.163021023441567,3.642535948210252,3.6066780258045217,3.388535948210252,3.2866913046012027,3.3185359482102523,3.23764069403912,3.2705359482102523,3.227241242052013,3.312535948210252,3.2367340095781456,3.285535948210252,3.21866040305624,3.317535948210252,3.218596173238784,,5.136903176158766,,4.66318352970621,,4.519984520392288,,4.471608309239149
NGTS-33,435.669006347656,1.6390252719307543,0.0952942627210826,0.0943178694476971,0.0962706559944681,30462338.938306283,15025558.934931925,9623742.80914963,20427375.06071422,-0.0893260667197496,0.0941866009586323,0.0935308141260382,0.0948423877912264,0.8059654382640864,7.161070047322437,1.6,0.03,-0.11,3.1984255822485963,3.100320405058945,3.414107611972696,3.378515124259538,2.836060813266595,2.7981674581410987,2.4112166741674947,2.412291062053045,2.279216674167495,2.266940580188579,2.212216674167495,2.2083161515099783,2.170216674167495,2.202844776973047,2.185216674167496,2.203603598560956,2.3122166741674945,2.202436423609587,0.8972166741674954,2.2069592159133915,,3.4333513400407223,,3.2185450964186235,,3.170468721416852,,3.1615311948072167
TOI-6448,376.490173339844,1.0777921606024348,0.0667378057038431,0.0643609108674276,0.0691147005402585,33486467.726842128,3070114.946255112,3051241.6940832734,3088988.1984269507,0.5,0.478497253027065,0.4295367165184499,0.5274577895356802,0.0,18.63391177916202,1.03,0.034,,4.892006614853096,4.855923006459832,5.236285904098694,5.2663668830355705,4.379083374191494,4.289318502425047,3.871231773544495,3.677925944290456,3.499231773544495,3.3047389304407746,3.4362317735444945,3.238822340024964,3.3402317735444944,3.222096553580892,3.3852317735444943,3.2822284652425733,3.320231773544495,3.217891236229113,1.1172317735444954,3.223076339529376,,5.459721602970342,,4.786568266257326,,4.635354849446907,,4.59587574389601
TOI-837,142.43571472168,1.1374163588674946,0.057905397151146,0.0565992968095021,0.0592114974927899,34996156.68212768,5602246.201460693,5047466.153978847,6157026.248942539,0.0105112826456189,0.0984322570373914,0.0978806003908051,0.0989839136839778,0.3264898238981443,0.1231997245165517,1.142,0.035,0.01,4.591684862185955,4.593122224773481,4.911863847781655,4.947257044154328,4.109489961673214,4.095619509141664,3.623905504275754,3.540049047609854,3.339905504275756,3.222491904467516,3.1649055042757546,3.17211124078805,3.1329055042757545,3.1622362186025863,3.1069055042757547,3.174742387668972,3.1069055042757547,3.1554947045054083,3.1679055042757547,3.156593483953664,,5.078689216003109,,4.595083929496781,,4.452316789439067,,4.405303481168458
KOI-7913 A,271.026794433594,0.7622481697274047,0.0741080052378026,0.0774392038628026,0.0707768066128026,26620667.26553702,8468443.463904439,8445799.275922421,8491087.651886456,-0.1000000001393296,0.0880245778111869,0.0743860406833447,0.1016631149390292,2.6419633243234424,17.65015902681286,0.76,0.036,-0.06,7.034774634729486,6.988743879262968,7.766887519250985,8.007301242794739,6.192784163843286,5.975800196898788,5.108938857446785,4.564913198522577,4.4699388574467855,3.890428768704517,4.0469388574467855,3.6788664449089374,3.622938857446786,3.648446805806061,3.6349388574467865,3.670388006690884,3.473938857446785,3.631059277749212,1.856938857446786,3.625527650029973,,8.586298616919342,,7.17774677474022,,6.462353183266512,,5.931859422720596
KOI-7368,263.285461425781,0.9195414977245748,0.0628929437660109,0.0568336962178249,0.0689521913141969,34969040.59927734,7405496.204231141,7046750.726109158,7764241.682353124,0.0555768056314518,0.0971643752483803,0.0995551519789195,0.0947735985178411,0.6399503913993562,3.7518319870475154,0.879,0.036,0.0578,5.729005173975967,5.681449329554723,6.211742715174667,6.228523205745535,5.082818345362668,5.008664216091454,4.193865609461767,4.185022896112292,3.781865609461768,3.7094107494375774,3.691865609461768,3.616597585117441,3.661865609461767,3.5954729145921616,3.696865609461767,3.636504672708895,3.592865609461768,3.5819841086066493,2.650865609461768,3.581127533874293,,6.49330558998418,,5.683010632126191,,5.389515052674375,,5.220481931585608
DS Tuc A,44.1510124206543,1.0313756419225366,0.0544756912001793,0.0539753348934445,0.054976047506914,45013265.614632696,4204396.201911055,4271826.181019038,4136966.222803071,-0.0020357672915222,0.0982317745295032,0.0988504281009302,0.0976131209580763,0.3421316769910247,0.1694329455490962,1.01,0.045,0.0,5.116734005915546,5.0875348764201895,5.470839001643077,5.4848010497360935,4.584396817194836,4.544492938671948,3.8972966661328257,3.924186048718441,3.534296666132826,3.5607761931662822,3.451296666132826,3.502461475099757,3.542296666132826,3.4894623037329446,3.425296666132826,3.5111816682975303,3.503296666132825,3.4802072088704814,3.364296666132826,3.4802544622176104,,5.646289703204121,,5.081201308264393,,4.9048300411261385,,4.83151406130177
Kepler-1643,340.232299804688,0.9147157162894696,0.0792597027062494,0.0810131810874505,0.0775062243250483,36592900.54362082,8524248.764886163,7658645.076074295,9389852.453698032,0.0018537727276857,0.0993846246935022,0.0999013815348885,0.0988678678521159,1.207137948968329,17.64429135887199,0.845,0.046,-0.01,6.17722096700667,6.098460608479538,6.72599568624497,6.762269255525494,5.483478214931471,5.3392426849352,4.625122296047171,4.3695430543094655,4.10512229604717,3.854369309449585,3.9771222960471695,3.7317809439219687,3.3601222960471704,3.7086668779360745,3.3731222960471703,3.743017453190405,3.89912229604717,3.695746750175623,1.8731222960471705,3.694708158545012,,7.095603199381016,,6.149170726822106,,5.747859438094583,,5.484985772058531
TOI-942,150.904144287109,0.9528659084753198,0.0678564092621875,0.0652875746391341,0.0704252438852408,54249244.32978125,19046768.380781427,12620358.68523218,25473178.07633068,-0.2325425313431301,0.1020848437977393,0.0994388431919613,0.1047308444035173,0.8814704423437469,6.945900272479147,0.822,0.053,-0.221,5.736792779563478,5.66724679196818,6.21567270815228,6.183457632932432,5.086109376548279,5.034289966331436,4.337494165061479,4.251608142303468,3.853494165061479,3.829373245493029,3.745494165061478,3.7414908251671584,3.6824941650614793,3.7236890803358,3.715494165061479,3.7360354447446777,3.559494165061478,3.710680498127455,2.5844941650614786,3.708184884416864,,6.418140004360973,,5.712261248595362,,5.422117348056654,,5.249417598620417
TIC 434398831,213.246231079102,1.0858061337619396,0.0585448669442956,0.0560728875548457,0.0610168463337454,61019532.36453202,5900560.361296512,5792538.874202825,6008581.848390199,-0.0896760012445669,0.0986834485201104,0.0998274505783454,0.0975394464618753,0.8082304034851924,10.568917101156318,0.992,0.061,-0.081,5.125501130492795,5.065654754707463,5.486052010924896,5.531247144928804,4.587800477416595,4.484049590681709,3.945593179137795,3.782101076556024,3.5965931791377947,3.413012090478535,3.493593179137795,3.334913287697076,3.291593179137795,3.321614941079232,3.403593179137795,3.3301818671897205,3.3405931791377945,3.3130345473199405,1.7925931791377945,3.3128910448764977,,5.732217158668386,,5.109766960685376,,4.865224778779788,,4.730105386087488
TOI-6109,147.793212890625,1.0622242665832315,0.0522824088930008,0.050338577105067,0.0542262406809346,75009164.77429207,4976239.81778641,4975006.589872837,4977473.045699984,0.0856607070746787,0.0971241127635683,0.0971752984909282,0.0970729270362085,0.2604987498695592,0.370982890075867,1.03,0.075,0.0895,4.971155038202545,4.946175847011893,5.330640664423244,5.327809132802267,4.442596307123445,4.414992979403076,3.8077275479681454,3.820483178092777,3.467727547968145,3.4689262970703023,3.4027275479681443,3.4138857925190296,3.3847275479681453,3.4018545385859595,3.410727547968145,3.427178666514679,3.3747275479681456,3.394185841314874,3.1427275479681445,3.39529659860259,,5.480382743973116,,4.929764655752262,,4.771030035241619,,4.713853180734056
CoRoT-20,861.683959960938,1.351535469417481,0.1374739282717815,0.1331615127171941,0.1417863438263689,1032623978.0021662,86889129.44014528,1336617.5270269993,172441641.35326356,0.1099187947897874,0.1039530635718598,0.1108171303538763,0.0970889967898432,1.673986301644936,64.0017620065488,1.14,0.1,0.14,4.778708106965828,4.640062875966029,5.259075767488229,5.262096822827187,4.131662017793429,3.968463337116375,3.3142599563310284,3.0985766637632524,2.975259956331028,2.7150765914292188,2.8362599563310287,2.5896118673964685,2.7692599563310285,2.574996184176198,2.7832599563310296,2.5773927439421898,2.864259956331029,2.5723402333434846,-1.183740043668971,2.5756647221555893,,5.552965319315443,,4.765620131645631,,4.390296445545096,,4.137279526630154
Kepler-970,328.576721191406,0.7907375326669003,0.0569075794083203,0.0535830593296488,0.0602320994869919,105133704.6409354,10088272.17881263,10274764.079048485,9901780.278576776,0.0357629094493108,0.0962083694218198,0.0966606739478297,0.0957560648958099,0.990478486537876,32.326312075435055,0.67,0.105,0.04,7.204405115425454,7.148465297894382,7.905259416878053,7.9054285190766755,6.392683313667554,6.302672272800561,5.396816042244254,5.190179710164977,4.771816042244254,4.531556148648143,4.631816042244253,4.393277626429232,4.571816042244253,4.362594378679129,4.609816042244253,4.423975381471568,4.611816042244254,4.340384648305278,1.6148160422442537,4.334394135562978,,8.34192133016442,,7.172808424292175,,6.711456024200989,,6.4091195757903
Kepler-1928,325.444671630859,1.097953432892857,0.0584441147294522,0.0563145092006514,0.060573720258253,105036819.04610305,10038031.000256874,10130914.178802654,9945147.821711091,0.1127307582641013,0.0995937261400258,0.0987734694322077,0.1004139828478438,0.9038325998991458,24.657908408810822,1.01,0.105,0.12,5.042983740797755,5.288019733947665,5.401846617689854,5.815360820429214,4.5174328985125545,4.649362304718441,3.893614172926654,3.875115458441471,3.589614172926653,3.4704897934530567,3.5446141729266536,3.377667368239422,3.4976141729266548,3.362750365134388,3.5306141729266542,3.385437892878242,3.3506141729266545,3.356544560890097,1.346614172926655,3.3583434663418776,6.508314172926655,6.05827797322512,5.0294141729266535,5.324095222906182,5.091314172926655,5.037129543309362,6.010214172926654,4.86992839530232
HIP 94235,58.4520454406738,1.1431688969965732,0.0528880783299063,0.0502802200954468,0.0554959365643659,118092619.8328853,16736800.379673729,16599185.892419294,16874414.86692816,-0.0038854985779784,0.0984806281901009,0.0977808397865418,0.09918041659366,0.1106962952973537,0.4889613134773434,1.094,0.118,0.0,4.339208716817744,4.308397127344064,4.629398459859734,4.593825821790782,3.8723732180079353,3.8690127944692616,3.3670014337977245,3.40343814454955,3.132001433797725,3.124949649840352,3.047001433797725,3.090780814338839,3.007001433797725,3.083234021892064,2.9890014337977253,3.091908546535821,3.002001433797725,3.076902107120152,2.8940014337977247,3.0780811011921703,,4.680926341575082,,4.298359858709541,,4.213840051876852,,4.215216910413559
TOI-451,123.236480712891,0.9474353754235472,0.0625310609067865,0.060963280080683,0.0640988417328899,119943618.45024276,70257787.88954985,48604523.15289563,91911052.62620406,-1.0,0.4377800080100216,0.3833893419533162,0.492170674066727,0.9488724662324068,0.9213232657159708,0.95,0.12,,5.302353671894991,5.288843383168074,5.677459529744091,5.721501950932533,4.759877971516591,4.753131704396807,4.18230356203169,4.072701360516727,3.8333035620316913,3.725877289952368,3.73630356203169,3.6539648279840784,3.683303562031691,3.6411024470582056,3.7193035620316905,3.63662008471247,3.6633035620316914,3.621465541717156,3.17830356203169,3.611082841209992,,5.900416171589522,,5.378004804037599,,5.139346202844389,,4.999241752344997
K2-284,106.053291320801,0.6679111429243416,0.0453951327812353,0.0409864775175484,0.0498037880449222,175937391.34737304,260114476.8610717,149249644.43120876,370979309.2909346,0.0007778981873793,0.0987699381160477,0.1015335959852247,0.0960062802468707,0.4997797377016546,3.3528395002696927,0.63,0.12,0.0,7.723838747101309,7.719994374426796,8.54082197006281,8.51740904886512,6.8393382435613095,6.847653531815245,5.74037924392751,5.691399087756869,5.078379243927509,4.945562330756464,4.93037924392751,4.804065261553908,4.847379243927509,4.7659511669607,4.879379243927509,4.827260918817066,4.774379243927509,4.721034062275323,3.83337924392751,4.700290043650639,,9.057878156846582,,7.73646555768818,,7.246779440112119,,6.940252638479276
TOI-1860,45.7141609191895,1.0237599153078942,0.0494909318490345,0.0468431426268933,0.0521387210711756,133082318.50908546,26818650.409021683,26624154.241697,27013146.576346368,0.0360173960796442,0.0966399508096882,0.0969338658273333,0.096346035792043,0.0849753543693545,0.3287420790702811,0.99,0.133,0.04,4.936975583595589,4.922263255340852,5.27363787607606,5.264376399332236,4.432677373451549,4.419666785788824,3.889746236366589,3.870565614913642,3.580746236366589,3.529309999850476,3.4917462363665885,3.4849974314279497,3.3957462363665885,3.4733468774673835,3.378746236366589,3.4981697347196787,3.428746236366589,3.4643550139360286,3.296746236366589,3.464706767022632,,5.392107147539346,,4.892914520684684,,4.76742791981519,,4.738312974273871
Qatar-4,323.455108642578,1.0021664190852924,0.0576961386700858,0.0567185628620163,0.0586737144781552,170037726.5742703,9915490.012886005,10029218.993583828,9801761.032188175,0.0929636006444893,0.0979767939389568,0.0974068496955949,0.0985467381823188,0.9521246420937282,26.53404286791138,0.896,0.17,0.103,5.8513348562758205,5.792164370813987,6.318607614759721,6.375702791974189,5.222242639784121,5.099146572365701,4.48092992616112,4.24259009709485,4.081929926161121,3.782775577881509,3.9699299261611207,3.678538411869442,3.89692992616112,3.6594938263998698,3.9539299261611207,3.692447080853993,3.636929926161121,3.649980031355716,1.2069299261611208,3.650526633283863,,6.658272438019261,,5.822967317081134,,5.492692468351855,,5.290735381116287
TOI-251,100.754600524902,1.0330964525206645,0.0515382718083368,0.0497943128078044,0.0532822308088691,179805374.29920444,101610462.9115994,68355567.77163422,134865358.05156457,-0.105780836749042,0.0991574608954938,0.0990656896077993,0.0992492321831883,0.1272601913083609,0.0533826301059467,1.036,0.18,-0.106,4.744809720379124,4.746918797427949,5.066249463421084,5.061843093471358,4.259655568462625,4.274164435419596,3.749675572735084,3.7577276447436927,3.4816755727350834,3.441729498007593,3.4096755727350843,3.403006486383993,3.355675572735084,3.392656339638999,3.3826755727350832,3.404542650363547,3.3516755727350844,3.382841506584727,3.4736755727350843,3.382150853456921,,5.169437136554655,,4.733784812517374,,4.622044064347999,,4.601404552982257
TOI-815,59.3725318908691,0.8227552423643809,0.0488419504415094,0.0474571547701837,0.050226746112835,218693588.85590896,183110353.5902604,95961225.48325804,270259481.6972628,-0.0918227444313757,0.0982203956841407,0.0980873682758205,0.0983534230924609,0.1437426764517703,0.6506306332816656,0.776,0.2,-0.09,6.076763810830569,6.053926714683758,6.559545221047848,6.523584713544818,5.434487046914549,5.433143469690369,4.66307215281055,4.687841767414102,4.19807215281055,4.200277492487317,4.131072152810548,4.130504799948864,4.017072152810549,4.1082731813038205,4.109072152810549,4.153303765160257,4.0960721528105495,4.089554119870931,3.778072152810549,4.085684736711738,,6.747358789604847,,6.017441671284619,,5.793179426869829,,5.684961619288279
Kepler-529,2782.16625976563,1.2444816258791649,0.0707553565262127,0.0584848366331027,0.0830258764193228,4298414734.62438,938988524.994808,1224295207.7503629,653681842.239253,-0.1732182481863048,0.1040941650091994,0.0851539912124065,0.1230343388059922,0.0,35.21897688226017,1.07,3.98,-0.1,1.5597570803168654,1.5989000878521664,1.791205253839765,2.05287761654158,1.0450113680365654,0.9995423490043204,0.5640846025946651,0.2593812104889106,0.2440846025946648,-0.2373176152060568,0.1960846025946647,-0.3063400314743105,0.1550846025946661,-0.335716628799737,0.2030846025946662,-0.2816531701123833,0.1270846025946657,-0.3637599539702926,-2.924915397405334,-0.3693339772888587,,2.2699522420622205,,1.564029236573662,,1.3560867796357228,,1.257774363585553
KOI-1783,851.786682128906,1.2382152679750067,0.1060431074529626,0.1286861068485483,0.0834001080573769,1453041299.7573023,357762565.069721,11474557.353505578,704050572.7859364,0.0822351869753979,0.0942265591302706,0.100272728737882,0.0881803895226592,0.583660347604413,41.27713423111473,1.076,0.2,0.11,4.242876068817742,4.171790768087686,4.555141464935842,4.552166262810491,3.773322121369041,3.670097591331401,3.265345772492042,3.0915671849265984,3.002345772492042,2.7889054731231013,2.9693457724920425,2.7280513537058217,2.915345772492042,2.718568146720029,2.952345772492041,2.7235148385539447,3.147345772492041,2.7133029473429326,-0.2816542275079587,2.715131919320885,,4.695780327870111,,4.204689513886673,,4.037380124557093,,3.9657005989495406
Kepler-1733,2010.99426269531,1.4606653237311569,0.1199681846695239,0.1055362749094135,0.1344000944296344,2429185968.630387,557069716.7008762,727907.2513415928,1113411526.150411,0.1895219471784549,0.1092472049590285,0.1115294644247769,0.10696494549328,1.148361966362071,81.88855754810714,1.273,0.2,0.24,3.827859324817352,3.7131641842014815,4.147451800708453,4.249033033760636,3.3470672792241523,3.0891135281155857,2.8289458421513523,2.320275748378053,2.570945842151352,1.9535667602151887,2.463945842151352,1.852111138191481,2.531945842151352,1.83786852731204,2.646945842151352,1.8483420188409527,1.0829458421513518,1.834343925225536,-2.099054157848649,1.83813444977196,4.184045842151352,4.48817054613338,3.781145842151352,3.781454575935552,3.6511458421513527,3.485974255977834,3.608745842151352,3.3059636382543456
TOI-1224,37.2762184143066,0.4315858255310139,0.0354403823417961,0.0351208516922293,0.0357599129913629,209943318.60327032,27388748.232813984,27140705.172371656,27636791.29325632,0.3321515658676362,0.4610355530393362,0.4892804194612823,0.43279068661739,0.0,0.3092044569710294,0.4,0.21,,9.910774606764456,9.91519180290748,11.319243806898758,11.28715751596414,8.743747133314757,8.810316126443357,7.160840761244458,7.131201119532807,6.547840761244457,6.465745460414137,6.276840761244458,6.2685895329003705,6.178840761244457,6.182182405146948,6.032840761244458,6.052873153841621,5.900840761244456,5.948944228836519,5.678840761244457,5.86979964187174,,11.787295600647392,,10.507909826233208,,9.291040401599728,,8.592980179559612
Kepler-63,193.991058349609,1.0245976881560217,0.0509811017022755,0.0483950363460483,0.0535671670585027,210235057.54112315,46001023.15699515,46210261.30767095,45791785.006319344,0.0453771991697853,0.0986202492716073,0.0986054556296809,0.0986350429135337,0.2829643781888923,2.38059507732845,0.984,0.21,0.05,5.096996322288286,5.075106163587763,5.4652767330548855,5.467146348231192,4.561551108970386,4.534103208515476,3.9600914379498846,3.9219705643461897,3.6570914379498856,3.558869620790805,3.5580914379498854,3.501951889759352,3.514091437949885,3.4889964385672747,3.5640914379498856,3.514314317742393,3.5320914379498856,3.480110133892011,2.751091437949885,3.4805469678912955,,5.626389175618351,,5.060626964539365,,4.891865256158623,,4.825992447890689
Kepler-411,152.958023071289,0.8993052284122742,0.0526988547988137,0.0492700683133086,0.0561276412843188,212078957.12875265,30917065.96355097,31117856.760183245,30716275.16691869,0.2086417198048355,0.0985307900347015,0.0992184296629755,0.0978431504064276,0.5863692160635531,1.827204097419091,0.87,0.212,0.21,6.303575305666721,6.277117867658661,6.843086032595419,6.880690120664035,5.61669424029812,5.553751773348392,4.71813869067652,4.655704091607461,4.23813869067652,4.12009635782795,4.13913869067652,4.014803936611711,3.99713869067652,3.9903020289444697,4.02913869067652,4.049189757894847,3.957138690676521,3.9760110655785112,3.3461386906765203,3.974717561744593,,7.202481207721552,,6.263095395360905,,5.9362453590809,,5.745076165666094
Kepler-279,1045.31408691406,1.3772743763399846,0.1130040602954296,0.1209221826813169,0.1050859379095423,627658795.196396,5061482.979152134,2727310.26845306,7395655.689851208,-0.1018185282693856,0.0846588758670767,0.0881177511443968,0.0812000005897566,0.3180953113881135,41.54129213965415,1.2,0.22,-0.1141,3.476001091940205,3.3392968320590133,3.724244423849406,3.5762793118184586,3.0756028375456044,2.9938647732745123,2.627765984518305,2.619303548406628,2.4127659845183054,2.4307698895684005,2.4127659845183054,2.3968109087702154,2.4047659845183045,2.3920822324554565,2.4107659845183047,2.3913380133464286,2.604765984518305,2.3870447417403526,-0.6572340154816949,2.388311308166464,,3.619287004122819,,3.3817938221230084,,3.343616575417904,,3.368472012702724
Kepler-1903,1732.83288574219,1.277106129037651,0.1046600882453323,0.0950545289941368,0.1142656474965277,2057908623.8484392,793548.6333644881,480201.9792542355,1106895.2874747408,-0.357879137751682,0.1009447985412318,0.0942797001883952,0.1076098968940684,1.3689939556328994,66.27182486644779,1.053,0.23,-0.34,4.135233278435408,4.03355747968806,4.452399606865606,4.52890833822606,3.653243417900807,3.488448105505171,3.1212165929496063,2.7693083816216006,2.8552165929496063,2.4538454288338105,2.786216592949607,2.356191593682861,2.769216592949606,2.342976313961581,2.8242165929496075,2.34039958642873,2.147216592949606,2.3311587208928106,-1.3037834070503926,2.327391434047514,,4.731593373464949,,4.164649303550866,,3.8934399518720046,,3.715561133374361
Kepler-1764,1504.12658691406,1.368237000056422,0.1188370571095147,0.1097815666534622,0.1278925475655672,2141734239.8964984,256028184.38211545,587834.1557798823,511468534.608451,-0.1801145168187871,0.090260499002792,0.0924020215858533,0.0881189764197307,1.3291682920679666,72.27712961069165,1.162,0.24,-0.14,3.847646931005613,3.771873359088634,4.165056446386513,4.282597201119059,3.368595341039814,3.2002447918821764,2.854578060461213,2.462188159545018,2.5665780604612127,2.131441540317766,2.562578060461213,2.0314847654102413,2.5185780604612127,2.0175697486091213,2.578578060461213,2.015711434108053,2.132578060461213,2.0086579514927148,-1.8054219395387872,2.007936979088078,,4.497259518445867,,3.8865406792663193,,3.604056120577711,,3.4218738869942147
TOI-1268,109.761276245117,0.9635383193672864,0.0445140380693729,0.0410976355974949,0.047930440541251,245073066.407146,124122799.87722027,104703111.56445976,143542488.1899808,0.3609585546347819,0.0887192542758718,0.0934057816655261,0.0840327268862174,0.01350218540595,2.1602670953178533,0.96,0.245,0.36,5.487461061694143,5.563874737665091,5.929095239855743,6.011683754360321,4.886635751940643,4.962708409695985,4.197754259325944,4.28014931105351,3.831754259325944,3.844136275158036,3.708754259325943,3.774058601683025,3.683754259325944,3.754748026236607,3.738754259325944,3.8163609206567,3.6437542593259433,3.7452876461236935,3.675754259325944,3.746760183139114,6.255754259325943,6.23506837364407,5.455754259325943,5.499296178982775,5.239454259325944,5.31370620947539,5.933954259325944,5.244152893673135
HD 110082,105.030822753906,1.219713227470714,0.0566505205907656,0.0536657500985642,0.0596352910829671,250136992.923087,65322655.74456537,69972633.20942187,60672678.27970886,0.0787670713037501,0.0996973171562889,0.0986003558728304,0.1007942784397474,0.0704176437434613,0.0757564735351076,1.21,0.25,0.08,4.015549417389943,4.006956644079301,4.269748445405083,4.270285213974471,3.5997683962717844,3.590790311058716,3.165416162385064,3.16233379363632,2.907416162385063,2.9081543327347723,2.8954161623850645,2.877522619781645,2.858416162385064,2.87157968464098,2.879416162385064,2.879498590603456,2.8764161623850635,2.8675917872470937,2.744416162385064,2.8701319521434976,,4.34213775962856,,3.9953337533225497,,3.9324038762767977,,3.951654306060928
Kepler-394,1028.03540039063,1.1197248346233253,0.1162729451952911,0.1055711158576229,0.1269747745329594,957010577.247494,4578443.505079004,1539492.699527389,7617394.3106306195,-0.3173152898024907,0.0994402215103464,0.0915427866237725,0.1073376563969202,0.8154010593320696,58.41886961257805,0.87,0.25,-0.3,4.69760716512484,4.581442818647444,5.01685631826204,4.989054579837208,4.211382036950939,4.067891801103407,3.663959650781539,3.439871412024085,3.375959650781539,3.1214050488236853,3.323959650781539,3.053965591457544,3.269959650781539,3.0427029870946747,3.3409596507815387,3.040168874838368,2.90395965078154,3.02998371352273,-0.5060403492184609,3.026096485192056,,5.148523386954429,,4.650447575118163,,4.446475297009872,,4.338154656661189
Kepler-59,1168.5068359375,1.2910329778997167,0.1239158670759159,0.1088344952517073,0.1389972389001246,2213446273.31834,1985266.111571372,776653.3955251644,3193878.827617579,-0.2420068643160499,0.1016092495315614,0.1165882950063313,0.0866302040567914,1.0924193400516151,52.81259853214076,1.04,0.26,-0.2,3.9284710245939376,3.827585018438613,4.234706338009538,4.2735542588479305,3.456592019161837,3.3076002301612464,2.9148437128874374,2.647594922337792,2.635843712887437,2.3432892511946606,2.589843712887438,2.260065210683788,2.5488437128874377,2.2479335539855687,2.5698437128874367,2.2455200037872087,2.0988437128874367,2.237289003171146,-0.9181562871125628,2.234927006893172,,4.448236265443869,,3.927952029959829,,3.698934688424577,,3.561669158601683
GPX-1,665.676208496094,1.7498652617886994,0.0840982545551608,0.0827330618423431,0.0854634472679785,288689891.3609477,140932323.27937376,83432464.58958545,198432181.9691621,0.3728365125508735,0.0856403631428827,0.0906885216451905,0.0805922046405749,0.7512251026384272,28.165757447831293,1.68,0.27,0.35,3.096444794667951,2.995174231233639,3.34514970494625,3.3376466797520705,2.698908516896952,2.577714686097323,2.24068482304925,2.102540296611201,2.1046848230492508,1.899521593911174,2.06468482304925,1.833228494119279,1.9836848230492503,1.8272710931704388,1.9916848230492512,1.8299572318138528,1.7286848230492513,1.832896484438492,-0.7453151769507489,1.8420314560672009,,3.4451357040536505,,3.0614078029157303,,2.948033844237582,,2.909987407053793
Kepler-1762,1549.29907226563,1.440834360166708,0.1116607298920656,0.1086044104897607,0.1147170492943705,1747024524.6467686,1861511.082914915,556459.5192647523,3166562.646565078,0.0382954523704502,0.1008044453068925,0.0877131270842381,0.1138957635295468,1.629007779261441,85.70899951594065,1.298,0.28,0.07,4.119652408375277,4.053120272721084,4.4141632497448775,4.648522512022232,3.660413402332777,3.41162793665973,3.199323695911877,2.576551199802615,2.903323695911876,2.2136518334440014,2.9233236959118774,2.092412153512352,2.8413236959118766,2.0774918259614403,2.866323695911877,2.0776305566769024,1.4093236959118762,2.073241122785818,-2.037676304088123,2.0758302640432813,,4.918212363684231,,4.1823266490059865,,3.830781251216132,,3.5934724926893926
Kepler-265,1345.48107910156,1.247743293952519,0.0957861778721214,0.0896144003707467,0.1019579553734961,2056223621.132962,700639.3434939949,402131.6791803688,999147.007807621,-0.1522828808758228,0.1036424921665889,0.1090089276340638,0.0982760566991139,1.5996375669283232,102.47056841352436,0.97,0.28,-0.11,4.695412860387194,4.571365789543669,5.025274501317293,5.158302604659983,4.193499789708493,3.9311915252597687,3.6076120257313935,3.085748490006777,3.2906120257313933,2.705334599746088,3.252612025731393,2.589757224583648,3.281612025731393,2.5740335348503067,3.2886120257313927,2.571562807400755,1.515612025731393,2.562704354975888,-1.858387974268608,2.559890582950896,,5.424947015603554,,4.705704867149374,,4.34970367541876,,4.107784776814094
Kepler-216,1147.69482421875,1.354094791507768,0.1261409225450468,0.1160289826516935,0.1362528624384,1882311652.2918644,2655808.091659138,818007.9059583265,4493608.277359949,-0.1794832851210914,0.0907020862229999,0.0931240642330934,0.0882801082129064,0.9058904302989176,49.23220864882028,1.126,0.28,-0.1489,3.649083369122668,3.548299162183909,3.955682032452767,3.94146940723415,3.181568377362467,3.0754761927258745,2.656867884503568,2.491966906613327,2.395867884503568,2.222509433819592,2.3218678845035683,2.150577668316764,2.331867884503568,2.1402962959937586,2.339867884503567,2.138623583222368,2.530867884503568,2.132230504712943,-0.9641321154964312,2.131783741108182,,4.081688251660188,,3.63458170196857,,3.456532411907108,,3.361671731702088
Kepler-31,1598.03674316406,1.3622642194464134,0.1118530094348412,0.1127017274036858,0.1110042914659965,1571599858.8478477,3969223.061216527,849254.8799194817,7089191.242513572,-0.0928509960613024,0.1018213480259274,0.1057641984003723,0.0978784976514825,1.4536433298454818,75.83495406731252,1.21,0.28,-0.076,4.193650287729847,4.106993263118135,4.504880947214746,4.63978073084138,3.717528385264046,3.524326643998499,3.215066196543347,2.767324012492125,2.9660661965433466,2.4370741202711548,2.853066196543347,2.330561444799258,2.875066196543348,2.317272413569781,2.921066196543346,2.3161673005888863,2.231066196543347,2.310874371487931,-1.7299338034566532,2.3115655420126955,,4.8687474916773,,4.232738932801819,,3.9336557812962143,,3.737253821260712
TOI-1431,149.100784301758,1.9146217485989536,0.0869576924289639,0.0852133455054369,0.0887020393524908,386566277.6729711,223104105.57816583,201584865.5063295,244623345.6500021,0.0937649543256116,0.097782793438942,0.0992648352566412,0.0963007516212428,0.3479919386921328,0.2317080272245887,1.9,0.29,0.09,2.12259440937169,2.078871358680394,2.2389398149503013,2.223551298763496,1.8935671381009307,1.9033771703837847,1.673600360299421,1.6964877646386034,1.5846003602994203,1.6224141253246869,1.5716003602994206,1.5922019546577242,1.4676003602994203,1.5893166670547263,1.5626003602994205,1.590589252758874,1.5786003602994203,1.5916810594898076,1.503600360299421,1.598833183895454,,2.1882535309716,,2.175284987145084,,2.253703544487612,,2.3394177779084946
TOI-6016,359.214111328125,1.4295401815133062,0.0709586197882307,0.0703037974338094,0.0716134421426519,308226898.5547988,120469417.43118843,130219142.85052004,110719692.01185684,0.2736049765844272,0.098358813434191,0.0998896896497436,0.0968279372186384,0.9292403104442756,7.471563904630422,1.31,0.3,0.28,4.133227179828058,4.037283675939551,4.554339240374958,4.485015299069094,3.5441444619325573,3.496932146834593,2.8522330544618573,2.8588306009499576,2.531233054461857,2.559838839176797,2.447233054461858,2.4770309477538803,2.3772330544618576,2.4681539739760803,2.4172330544618585,2.4750012836370665,2.344233054461858,2.4702473417230832,1.2672330544618582,2.4765539645951336,,4.6687260862208735,,4.096062836491497,,3.87950289559892,,3.76587667272205
TOI-2048,115.922576904297,0.8316654579707669,0.0415115224918173,0.0378639183539151,0.0451591266297196,300029181.80426913,50497399.28406459,50611521.91148859,50383276.65664059,0.0211002096699344,0.0982513239012021,0.0966678378984149,0.0998348099039894,0.0562028982118453,1.196346504705629,0.83,0.3,0.02,6.001017318731357,6.070222409740823,6.468212829595558,6.547154969711015,5.370793090826057,5.441883115252289,4.574159866338757,4.689394780420001,4.219159866338757,4.186880164904274,4.1181598663387575,4.116060959585141,4.056159866338758,4.093550579248409,4.108159866338758,4.147022378177627,4.018159866338758,4.074867075864554,3.9211598663387583,4.071168214705963,6.790359866338758,6.786484524410772,6.028059866338758,6.021926661986544,5.797459866338757,5.799192912345228,6.185159866338758,5.695359644062646
TOI-2266,51.7344512939453,0.2845524412178472,0.0390487934902341,0.0408400773443524,0.0372575096361157,295314744.86375546,105720605.22229315,106963730.27723764,104477480.16734868,0.1959528903402013,0.3936827223802535,0.486929205274729,0.300436239485778,0.0,8.780872401093887,0.23,0.3,,11.235612787763902,11.191957314944242,12.872651972334204,12.87969160082294,10.003380693952804,10.00633808785533,8.2751007638381,8.092324017590494,7.714100763838101,7.468234743880577,7.448100763838101,7.248921759732353,7.266100763838103,7.097524173639969,7.075100763838102,6.898813332145724,6.909100763838102,6.759172401793108,5.293100763838102,6.669461964153994,13.448900763838104,13.461184011225496,11.975200763838105,12.048641197000812,10.503100763838102,10.545929079592304,9.721900763838104,9.689440962476937
Kepler-864,2061.53833007813,1.41906353671664,0.0994481044561829,0.0988976570358073,0.0999985518765584,3558927433.895128,2217258212.551629,3015271249.567966,1419245175.5352926,0.3499999071704281,0.0929777527409493,0.0946189627931852,0.0913365426887133,1.3641191146403269,88.089875648454,1.27,0.3,0.36,4.19756423875975,4.206039300667927,4.561433905813052,4.939062867933412,3.66742908403565,3.396317942851266,3.1050429298608506,2.358424239159601,2.813042929860851,1.830426669747613,2.6470429298608504,1.6850214572444744,2.67704292986085,1.6572133962710152,2.742042929860851,1.70941634632919,1.1820429298608506,1.647014110197307,-2.35195707013915,1.6500801836935906,,5.326988683087126,,4.255888834415714,,3.813239066076173,,3.51924049825765
Kepler-1851,1438.13745117188,1.1139628452523245,0.1226879495143063,0.1511351981559822,0.0942407008726304,4621174200.565466,2371282830.2341967,2723212147.8183765,2019353512.6500163,-0.3168958695352336,0.0940494827648554,0.0965598879835501,0.0915390775461606,2.152447262374177,88.89812192365977,0.967,0.3,-0.28,4.841212710744463,4.821161688778212,5.207745036489062,5.593568697263155,4.311962565785963,4.028232503015859,3.7349980195823616,2.93022024015948,3.3519980195823624,2.434941772257404,3.172998019582362,2.27812962392775,3.227998019582362,2.255266774848283,3.2809980195823627,2.2538131046488665,1.6639980195823618,2.236480391396478,-1.771001980417637,2.227978009438856,,5.974350795233917,,5.00879458537648,,4.481660849182331,,4.100254334217171
Kepler-1866,1012.67572021484,1.1989042991677508,0.1232224874467502,0.1175289297172732,0.1289160451762272,4916852962.845767,1386479929.338101,1006620.6776391928,2771953237.9985623,0.0999999997401061,0.1034045970743308,0.0998539365320336,0.1069552576166279,1.1982187079150497,70.02097988313311,1.03,0.3,0.16,4.3262199042117935,4.298532986427043,4.669234621313793,4.8744695821110415,3.8238881705081935,3.629785783666892,3.2486480124270933,2.7893121004045547,2.9666480124270933,2.371351575714282,2.849648012427094,2.2646345015869507,2.892648012427093,2.24728681621527,2.9536480124270934,2.259960339266128,2.5076480124270937,2.2382586016840644,-1.467351987572906,2.238892941272402,,5.141851535857961,,4.367674320207845,,4.031916743674987,,3.819032495820628
Kepler-1165,1522.91320800781,1.3066640971447718,0.0693112128432815,0.06640673792217,0.0722156877643931,3405993773.2882066,863213470.1634952,925858524.0269234,800568416.300067,-0.0872591089850275,0.0973490202400477,0.0977980618161037,0.0968999786639917,0.7453357357498596,50.62820190686631,1.13,0.3,-0.04,3.467099277922703,3.4534714994488893,3.7822647976370014,3.935048276726868,2.9895945476981023,2.857777144527299,2.448624233672202,2.1230626999760083,2.166624233672202,1.72417599612286,2.1566242336722024,1.641862723730848,2.0776242336722017,1.6235828103460417,2.1456242336722013,1.63924017004552,2.1296242336722013,1.6086761507796163,-1.360375766327797,1.6068618924998694,,4.145053556860296,,3.491780516476377,,3.23888036868022,,3.0950666979457635
Kepler-1778,1249.12377929688,1.2721928563520264,0.0996845150419987,0.1140049179745945,0.0853641121094028,1403905387.2274604,70790388.15707389,3629533.28634502,137951243.02780274,-0.0783018965699041,0.0974531835611061,0.1006425433753943,0.0942638237468179,1.3716999513935777,62.25334904366447,1.143,0.3,-0.06,4.548068124731218,4.472923130877033,4.872699815710218,5.006990906347014,4.058857995947118,3.872794652854713,3.523972619970518,3.1014164406901203,3.2059726199705185,2.7492051338240886,3.2479726199705183,2.646541550659558,3.1549726199705184,2.632991811569892,3.217972619970519,2.631774239093322,2.4339726199705183,2.6247579852402905,-1.040027380029482,2.6241524062610546,,5.241661076508054,,4.585242338322365,,4.278982370600971,,4.0815067280189545
Kepler-254,1306.71411132813,1.043181392354024,0.1364207968198592,0.1127862706841261,0.1600553229555923,6217173174.190543,4682055.815708026,1250536.0994948838,8113575.53192117,-0.1716875664039447,0.105140031183386,0.1098864854904394,0.1003935768763325,1.8904554842573984,89.46269222360436,0.849,0.3,-0.13,5.245302348038713,5.205886312973029,5.616959719559711,5.9268597954476,4.705269961258912,4.430906778712222,4.094097094437613,3.393588579832354,3.687097094437613,2.907144503810464,3.673097094437612,2.7645141414211976,3.607097094437613,2.7423576068326114,3.631097094437612,2.7431561433012166,2.1010970944376126,2.7277061004782124,-1.2949029055623882,2.724122840052198,,6.283328043525472,,5.344242097204189,,4.868923265562724,,4.532434128446606
Kepler-1787,767.971801757813,1.0999199069970795,0.0784910494407697,0.0825028385423605,0.074479260339179,1899341429.6490223,461051796.3441228,15322413.52969851,906781179.158547,-0.2336888207404635,0.0933745541576984,0.0940504744798447,0.092698633835552,1.2681629267922547,40.66752177044322,1.008,0.3,-0.22,5.021271676963586,4.974033660141599,5.357180566734087,5.509594604234506,4.520987482017286,4.354767204699216,3.942273630088586,3.5623528918818743,3.626273630088587,3.17902902899901,3.5612736300885857,3.0806893046746304,3.493273630088586,3.0655468580571075,3.5662736300885864,3.063988962167737,3.058273630088585,3.0531731841144323,0.0932736300885856,3.050007183255913,,5.750168129599945,,5.072276343099717,,4.757694790634506,,4.556800418336041
Kepler-1670,1974.7939453125,1.3329996010150973,0.0646879287081567,0.0635585917326744,0.0658172656836391,3073765059.603427,712229258.0082164,664071206.5092998,760387309.507133,-0.1688205959101943,0.0967415099817252,0.0977251368207138,0.0957578831427366,1.6273544835920704,93.717304709875,1.05,0.3,-0.08,3.929286702465136,3.9174698838550994,4.269465192150236,4.61732075492736,3.423429234813737,3.15186012305042,2.8873910649529364,2.1372473767166857,2.468391064952936,1.6393742294520504,2.5413910649529363,1.5028663237532327,2.359391064952936,1.478444545548898,2.378391064952936,1.4924232489583429,0.9913910649529356,1.462171916851923,-2.5136089350470634,1.4595127539996111,,4.961189502687534,,4.024946255681828,,3.5790506272148743,,3.2695665080593805
Kepler-53,1386.42138671875,1.203880273266009,0.1421490602280956,0.1086631759627044,0.1756349444934868,4044226725.116764,1263568727.8893328,639490.7197662911,2526497965.0588994,-0.048566993349475,0.0958348723976696,0.0981634384702468,0.0935063063250924,1.711664328680765,87.42103472232289,0.98,0.3,0.0,4.6667482722420015,4.6265848320296605,5.033178554834702,5.29415577262607,4.133802639307403,3.898638928105826,3.542523754419703,2.9396857211146106,3.1965237544197027,2.4924809023879115,3.0975237544197025,2.3612023063716814,3.1425237544197024,2.3416025794977013,3.1615237544197026,2.343092169737658,2.211523754419701,2.3301358429083905,-1.760476245580298,2.3286204851770487,,5.615495955255427,,4.75040597419019,,4.326103660517064,,4.032840833955672
Kepler-1976,1303.44677734375,1.1795671497531677,0.1180598649370667,0.1044827322243848,0.1316369976497486,3518481438.698597,4853196.239073538,1382399.107878827,8323993.37026825,0.0577439239666445,0.0973856897390301,0.0987441292756325,0.0960272502024277,1.1578822172194103,63.54173174738457,0.976,0.3,0.1,4.669906258975153,4.601520150113675,5.028861642275952,5.141834508336233,4.146793961917053,3.968383559174897,3.5475334867583523,3.175839706252403,3.2395334867583525,2.7849622917710413,3.2295334867583527,2.686113323734702,3.180533486758353,2.670822407958279,3.2265334867583526,2.676839803941277,2.5315334867583523,2.66238366039912,-0.9274665132416472,2.662649528740052,,5.386292345673955,,4.676025329815303,,4.366878018807246,,4.174702395408288
Kepler-1905,1041.77001953125,1.1643010469592712,0.1025591269988425,0.1164491704235333,0.0886690835741517,3512623819.983585,459727792.7023676,7254918.819862838,912200666.5848724,0.1340528233104585,0.0932665917014886,0.0925916690245718,0.0939415143784055,1.223284578841355,51.24606877001824,1.038,0.3,0.16,4.888404175729981,4.838071286719718,5.245665833444782,5.411801551875084,4.364811226816382,4.174034706574563,3.773140725107382,3.3427867881348226,3.3991407251073813,2.933918720694132,3.398140725107382,2.8272845113610914,3.3511407251073813,2.8114693205319314,3.4131407251073824,2.823891821739508,2.625140725107382,2.804875779949936,-0.4458592748926175,2.806391890379711,,5.67911835138144,,4.90985922808689,,4.576540820147207,,4.366183061592172
Kepler-1678,846.265625,1.1207666781294914,0.0793676950632745,0.0848134799408799,0.0739219101856691,2016914864.0877063,487158857.1564617,17020272.700089563,957297441.612834,-0.013104378300886,0.0984602701485319,0.0980755324289905,0.0988450078680732,1.4128414647885998,52.48923330919892,1.03,0.3,0.0,5.2572275837584215,5.2094160075383495,5.621244116656321,5.8148451979452345,4.7228962620420205,4.524736613282682,4.135466498248121,3.649458441826448,3.7514664982481207,3.227317242835731,3.733466498248122,3.1129267311313464,3.5624664982481207,3.096315903439157,3.560466498248122,3.102988996622708,3.176466498248121,3.0882093479473416,-0.2825335017518782,3.0884201894933496,,6.101556866191017,,5.303155440825158,,4.936580369479085,,4.695996639227059
Kepler-1734,1493.58654785156,1.2321836777970587,0.121348312207436,0.1305672300753972,0.1121293943394747,3627708817.808737,2085569863.707136,3998133.057313002,4167141594.356959,-0.1406367419438996,0.103887763433159,0.1056269582851899,0.102148568581128,1.7380592490336289,82.75940696012002,1.05,0.3,-0.1,4.434339480256133,4.401458242035416,4.776772456025233,5.054280746107695,3.924391703461733,3.694302426292938,3.349848032807433,2.7544124942760533,3.062848032807432,2.323350321417158,3.012848032807433,2.193908557421409,2.969848032807432,2.174630459178787,3.019848032807433,2.1727173403569067,2.060848032807433,2.161615642065464,-1.864151967192568,2.158727491589569,,5.363360955059855,,4.536317858049022,,4.122275741163861,,3.834077718555709
Kepler-1831,1094.9658203125,1.2170424029858815,0.1043704077294634,0.1114866264642977,0.0972541889946292,3570675403.9696374,294515240.7271423,1868476.3689176552,587162005.0853668,0.0423017271602108,0.0992879002694401,0.0961683520038885,0.1024074485349918,1.618664354319316,76.58089489418862,1.117,0.3,0.07,4.802446916145348,4.765518571712322,5.152653291267448,5.41794562428798,4.291627481025747,4.0471207233202815,3.703997186225948,3.1121031929200007,3.414997186225948,2.672451182547169,3.340997186225948,2.545255460159855,3.3119971862259483,2.52678719419522,3.318997186225948,2.53197020886329,2.206997186225948,2.51767241787046,-1.417002813774053,2.51762428582668,,5.731438451616168,,4.877227001494707,,4.469721391167456,,4.192636151865185
Kepler-1785,732.975463867188,1.093577621650958,0.1257308350130611,0.1406534304196103,0.1108082396065119,2662952886.6243863,92793839.90091208,7059221.778478477,178528458.0233457,-0.0244472644270749,0.0971722777283887,0.0908136805884102,0.1035308748683672,0.7741937477535272,37.54518789526949,0.911,0.3,0.0,4.825940983297418,4.760648622055599,5.185570614339818,5.214503471959434,4.304998295309117,4.189700051330405,3.7245528149624185,3.502958740747918,3.406552814962417,3.1416677377354083,3.334552814962418,3.065910754754769,3.2855528149624185,3.052719062038686,3.321552814962418,3.060310101668793,3.2515528149624178,3.043810206794029,0.2425528149624174,3.0436269306373545,,5.40689448557948,,4.803293837153961,,4.568979559314409,,4.441905143308017
Kepler-1724,1051.67419433594,1.1724075682503907,0.1184553460651589,0.1235542912656699,0.1133564008646479,2882665357.7661085,4749224.232357957,1368372.1849962447,8130076.279719669,-0.249839569318857,0.1035762025919258,0.0964595291468411,0.1106928760370106,1.5374908927565298,59.62940260810613,1.016,0.3,-0.22,4.695818331325631,4.6297098387385605,5.053635981166931,5.207921895667944,4.166442301357431,3.990095533866652,3.556593912685532,3.1433979120612183,3.243593912685532,2.7526360102037453,3.224593912685531,2.6410369140467296,3.1135939126855323,2.624479029992908,3.194593912685532,2.620895340631327,2.6005939126855324,2.6094875297382583,-0.9054060873144678,2.6040781249682534,,5.470309096176712,,4.760095564605594,,4.406318928133577,,4.166482887748746
Kepler-1738,1252.93249511719,1.18282946182007,0.096604692992159,0.1073350102425143,0.0858743757418036,2713725352.2022166,322136669.6199031,3850383.14889365,640422956.0909126,-0.0394780418340023,0.0967657212454098,0.0941577384346398,0.0993737040561797,1.5449971310131154,61.8890561395493,1.079,0.3,-0.02,4.916030847745072,4.8653289959920345,5.284117662625471,5.477245626897084,4.381844484524873,4.186441673340857,3.757361635403772,3.304386546699868,3.4703616354037727,2.8922172153124377,3.3613616354037728,2.7739773801069068,3.398361635403772,2.757164340350318,3.440361635403772,2.758030170216985,2.705361635403772,2.7475176792211924,-0.8696383645962289,2.746566107708873,,5.764499288414702,,4.979674396079062,,4.603924556838346,,4.351682341700942
Kepler-51,785.116760253906,1.11636296375705,0.0693722590178934,0.0701479620307092,0.0685965560050776,1611289254.744486,557700785.8273956,51667684.45992151,1063733887.1948696,0.0369470843381696,0.0973524023729182,0.0944176774006513,0.100287127345185,1.1725613942103734,56.97674146377773,1.04,0.3,0.05,5.191743971811109,5.153132804547439,5.557133795724608,5.713279970598178,4.661668898568907,4.49880289560612,4.087328757272507,3.681982873781463,3.7443287572725072,3.275330974214923,3.722328757272507,3.17291314029789,3.624328757272508,3.1575347536344767,3.650328757272508,3.1689014902431683,3.664328757272507,3.1504642401618246,-0.3926712427274914,3.151427710500781,,5.973082607124256,,5.222282184701921,,4.898758275843622,,4.696783399123163
Kepler-193,1015.92901611328,1.2354383549085493,0.1242062191648585,0.1254261512502672,0.1229862870794498,1366916312.3255117,6255113.079192953,2596778.3083374253,9913447.85004848,-0.023015039920454,0.09991356819805,0.1002691331474852,0.0995580032486148,1.0666676066770826,57.56587796820382,1.051,0.3,0.0,4.5499689138015285,4.457172250620325,4.874457553633029,4.936557577514938,4.061786845930428,3.887678579397869,3.504683177717528,3.181571748358133,3.207683177717529,2.841108775060118,3.183683177717528,2.7543660672887524,3.132683177717528,2.7420812576743683,3.1956831777175285,2.742454088096536,2.510683177717528,2.7345562740861897,-0.7823168222824712,2.7346753577297225,,5.140154086710847,,4.537237291295728,,4.278997315652914,,4.126361831188996
Kepler-1884,1436.65979003906,1.2050853297801316,0.0746852800114062,0.0732230906564106,0.0761474693664019,3765561071.2950497,1407438115.753256,1455341554.2873616,1359534677.2191503,-0.2471935470729883,0.0983560462515034,0.1030619748575672,0.0936501176454397,1.9176303414115683,57.87370152135991,0.993,0.3,-0.2,4.432298843828086,4.392411210226896,4.821401779619087,5.073979245691346,3.864826385942287,3.670281301649736,3.224230316606386,2.6919390518772377,2.9042303166063874,2.2532347304286144,2.824230316606388,2.1153694373049827,2.558230316606388,2.0951474319068004,2.6082303166063863,2.091465247193246,2.253230316606386,2.079967463060108,-1.2257696833936134,2.0751839869246664,,5.398381449678135,,4.5491104987084245,,4.107337241022254,,3.791907954306344
Kepler-1875,1261.3330078125,1.148861971595027,0.1320485057955285,0.1232075916114803,0.1408894199795767,3460062049.732025,1346365197.9456284,738311.4987557868,2691992084.392501,-0.5170865560322657,0.0949013967834825,0.0945428026188894,0.0952599909480755,1.707458491546816,61.884133686732255,0.95,0.3,-0.5,4.491538680097396,4.397323250401965,4.771337187787795,4.995520092921986,3.937139189740994,3.755848122623027,3.362851195356196,2.883561514640807,3.0308511953561954,2.4947559339022254,2.920851195356196,2.3754062847777275,2.959851195356196,2.35814372830394,3.052851195356196,2.3540026782622454,2.2118511953561946,2.340633304390229,-1.0721488046438044,2.332535332755614,,5.265347524925647,,4.5521322251302605,,4.180510271402241,,3.919262477661845
Kepler-1755,964.844299316406,1.1988586102164065,0.1219208973319261,0.1108525062843492,0.1329892883795029,3285286394.756743,858204093.4343138,672808.9406501786,1715735377.927977,-0.3029743338536604,0.095907132461391,0.0982749343237001,0.093539330599082,1.78473213588906,50.134699733413406,1.003,0.3,-0.26,4.452026224790476,4.53828397039175,4.813030100522877,5.179847517985911,3.925357676206476,3.84930639764634,3.3087138239725764,2.9202257718541498,3.008713823972576,2.499754362115294,2.988713823972576,2.372044074669077,2.777713823972576,2.353229708349721,2.751713823972576,2.3492917749430644,2.297713823972577,2.337319124374128,-0.7602861760274227,2.331496251829729,,5.480226042773069,,4.688035896736691,,4.278967555376516,,3.990952528184179
Kepler-501,1129.22546386719,1.0664936031215184,0.0747391868399592,0.0695576455311195,0.079920728148799,7323248120.35579,1750317233.3231988,1709664679.9090977,1790969786.7373,-0.0398023373736983,0.1014958218295088,0.1042073071204099,0.0987843365386078,1.30341814348631,49.16839187622577,1.03,3.31,-0.03,4.45472461537933,4.452785647561479,4.8091004546127305,5.080257179657359,3.93394214467623,3.737792619194901,3.3960966856918304,2.815059609739416,3.0080966856918305,2.345529171703613,3.07609668569183,2.2282200900167326,2.616096685691831,2.206523933648702,2.71709668569183,2.221653714796837,2.3780966856918297,2.192158669298164,-0.9129033143081688,2.189956467200315,,5.383733583802377,,4.53104154338812,,4.148173450767054,,3.8952911065686298
Kepler-29,875.265380859375,0.9543647871843076,0.1109573027274342,0.1202805269597859,0.1016340784950824,3060221896.894112,7671688.83501545,3457143.382822772,11886234.287208129,-0.458740323269954,0.1035354500636252,0.1021438786631205,0.1049270214641299,1.307545519229619,57.88760938479077,0.761,0.3,-0.44,5.560175267076705,5.494922073569172,5.956203785753505,6.059298013993663,4.9986050995352045,4.841344363342328,4.420301243639205,3.995367562181081,3.962301243639205,3.574305547597157,3.946301243639205,3.471465353985812,3.848301243639204,3.4532524361953043,3.934301243639205,3.450559559124544,3.481301243639205,3.4362884994575382,-0.0676987563607944,3.4302048092743345,,6.321084045472183,,5.594304273948215,,5.248250874048218,,5.021901811819795
TOI-6130,218.147354125977,1.284181683058924,0.0661490352770972,0.0645314764576854,0.067766594096509,299358986.732314,113438903.46768588,118256816.46849392,108620990.46687783,0.2619970119119341,0.0945629665762172,0.0949751526050887,0.0941507805473456,1.4701868076857325,67.14805601505897,1.31,0.3,0.28,4.283163702812605,5.020581479936496,4.596287405815604,5.644913552859681,3.807196295586104,4.324215220073455,3.272250250664204,3.4495920236755784,3.0172502506642047,3.0436037011131485,2.961250250664204,2.92127638733022,2.933250250664205,2.906854382553638,2.9692502506642047,2.922249869881325,2.959250250664205,2.906699008352034,1.2262502506642043,2.911724802793155,4.6804502506642045,5.94426905804683,7.043050250664205,5.108148325542501,6.523750250664204,4.737609255686759,6.351850250664205,4.497151198205415
HATS-58 A,709.326110839844,1.604376713595064,0.0852983244801194,0.0825114407079699,0.0880852082522689,1266742400.4634218,149410834.811678,141664493.3580445,157157176.26531148,-0.650000005600457,0.3111140648469928,0.2191070385533134,0.4031210911406721,1.2188232485837365,13.422732560284004,1.461,0.31,,2.5379159947810344,2.233560889549338,2.4562576314388345,2.651878101744303,1.7751033803401342,1.839564816855281,1.3297702657161334,1.2561559475259692,1.1037702657161343,1.0145438767720476,1.0347702657161335,0.9178774611512496,0.9977702657161344,0.9016524020387876,1.0117702657161338,0.9100088368745608,0.9877702657161348,0.8917388363873238,0.147770265716133,0.8890379147813116,,2.7966248214242904,,2.405000049091467,,2.2420628936361675,,2.119082036103991
Qatar-3,623.834655761719,1.3943428960569555,0.0660571395433406,0.0634547664824778,0.0686595126042035,310002135.3761454,988380.1085795164,1009938.2157183886,966822.0014406444,-0.0294383686903173,0.0920615543420666,0.0942992897245555,0.0898238189595777,1.3107538133281669,36.93484549202223,1.145,0.31,-0.041,3.838243516589582,4.189765291086933,4.122730287219481,4.681379798719156,3.247160943652581,3.642907284007286,2.625652513171582,2.946268318988251,2.2966525131715816,2.642566401258875,2.2436525131715808,2.545602652829664,2.161652513171582,2.534566588814964,2.1906525131715817,2.5342973010789973,2.284652513171581,2.530833080903232,0.2996525131715817,2.5330863624271527,5.089952513171582,4.885619604817273,5.240952513171582,4.304468338896539,4.704952513171582,4.043839065422039,4.210452513171582,3.881270438119637
TOI-2260,100.945541381836,0.9922076997687616,0.0474797038265358,0.0462160668265974,0.0487433408264743,321034128.4089044,101041535.8386918,101660446.14482357,100422625.53256004,0.2196314468258893,0.0982708196782184,0.0983546561852414,0.0981869831711954,0.0,0.0325226270160538,0.99,0.321,0.22,5.233769996006147,5.23734703337732,5.620289428073947,5.625687345595228,4.686952216465087,4.687785281865692,4.082564292270747,4.080130099730381,3.755564292270747,3.69134144802603,3.6635642922707454,3.6365639067722695,3.6005642922707475,3.621262032486444,3.655564292270747,3.666948983619533,3.5925642922707466,3.611846595886907,3.566564292270747,3.613184239657804,,5.793701543457583,,5.183100909023518,,5.035059895090582,,4.992038177251123
Kepler-1717,988.658569335938,1.3898114378129929,0.1216509337981607,0.1128778012050182,0.1304240663913032,702035696.3053637,1725918.568958023,659809.9212140534,2792027.216701993,-0.0500000059248047,0.1013611892268009,0.0668476482303177,0.1358747302232841,0.0949119683412606,39.795781177228704,1.158,0.33,-0.06,3.314330550241216,3.145353497710879,3.529275389718716,3.333630665353241,2.917472334909215,2.833034272048449,2.479768324899416,2.520086573938739,2.287768324899416,2.350397617046628,2.2527683248994155,2.3292501381954853,2.195768324899415,2.3258314886956857,2.210768324899416,2.3252846334633857,2.267768324899416,2.321450957932956,-0.5502316751005836,2.323313673654382,,3.346808053120046,,3.1671344724122816,,3.171763990549189,,3.234564138077764
Kepler-1824,1011.68054199219,1.2521593947619782,0.0796750270534504,0.0860456789424899,0.0733043751644109,885181992.7186084,260365546.2854439,19107716.20475672,501623376.3661311,0.1828515733200914,0.1013431388424734,0.0953528023454839,0.1073334753394629,0.9327682125259222,47.94523416980931,1.135,0.33,0.2,4.638673852944244,4.576313041534726,4.965447496437943,5.06055601473009,4.143071245217243,3.989179392766748,3.605783014321244,3.284692241259233,3.3667830143212427,2.935451649730996,3.383783014321244,2.8488547181796324,3.207783014321244,2.8373455058120807,3.226783014321244,2.848681862773732,2.8637830143212426,2.8348661198251306,-0.4252169856787571,2.8384965443812766,,5.27126539237236,,4.627231134305735,,4.374810631322993,,4.233486154647643
TOI-2076,41.9643135070801,0.8503522888257533,0.0462950164518429,0.0430820135702262,0.0495080193334597,2682284906.5717688,1719585913.4479072,856826381.8211466,2582345445.074668,0.0204321744967005,0.0974604971276502,0.0972267283119708,0.0976942659433296,0.0461261758676478,0.0410976900897303,0.8557,2.7,0.02,5.803677808060877,5.802330795474472,6.234985600724446,6.245217361686756,5.204580556168788,5.2030691842942725,4.498599385514488,4.4982045185393424,4.073599385514488,4.031772846477106,4.000599385514487,3.968001723350538,3.896599385514488,3.9473612271432494,4.011599385514488,3.9947625745837447,3.977599385514487,3.930373744411659,3.888599385514488,3.927606504728922,,6.45302231061655,,5.755524190480022,,5.557511214589638,,5.472082309919251
K2-233,67.5400390625,0.7956229711544509,0.0456150954551582,0.0428629843975703,0.0483672065127461,362153345.3274159,277242555.9113508,211134945.98551607,343350165.8371855,-0.0823107620205064,0.0981374799884555,0.097630147381283,0.0986448125956279,0.1603441619410765,0.0288129751542008,0.79,0.36,-0.082,6.275111782310608,6.27315275741526,6.789342510460108,6.778167309968027,5.603605854271107,5.622377540398794,4.820193462608508,4.826803937484113,4.353193462608507,4.301217841127492,4.227193462608508,4.224274243829507,4.170193462608507,4.200093139821412,4.233193462608508,4.250670655503687,4.184193462608508,4.179175324298951,4.130193462608508,4.174308619287844,,7.033760850541871,,6.236411679278827,,5.985723986846334,,5.857435335428661
HD 18599,38.6166305541992,0.8726147236590458,0.0459616486807457,0.0428314378664105,0.0490918594950808,400124740.1269429,104920784.34944342,104814283.50043944,105027285.1984474,-0.0005484362825077,0.0994866185318609,0.0991504485674196,0.0998227884963023,0.1449357284945064,0.0550235606360418,0.863,0.4,0.0,5.807793953775795,5.802444026948147,6.256327011942296,6.251752838620762,5.193262436746987,5.200311978536885,4.494128113626866,4.491305853003157,4.095128113626866,4.035325946703144,3.949128113626866,3.9690301405382375,3.8781281136268655,3.949071522870296,3.9481281136268658,3.9930785201282206,3.9401281136268658,3.9334282275996393,3.9151281136268654,3.931219048095457,,6.459058052579301,,5.76448434247389,,5.558288971405213,,5.464732079058221
HATS-55,599.16748046875,1.3040828156216664,0.0654596052244285,0.0644116297689265,0.0665075806799304,445556049.5260389,219888045.0677844,189758963.18465063,250017126.9509181,0.0937322162553876,0.095899193314108,0.0955202574519119,0.096278129176304,1.003994393917804,23.852174249135818,1.1955,0.4,0.108,4.448367036684051,4.381526163449508,4.771544374330551,4.849054357553984,3.965525544984851,3.8218065183324113,3.4502588289814504,3.142485068820976,3.160258828981452,2.8173959869240925,3.132258828981451,2.732421036226348,2.69025882898145,2.721761118731541,2.713258828981452,2.7252964125524355,2.756258828981452,2.718773591094394,0.4302588289814508,2.721809907570224,,5.045824227551843,,4.450981936200077,,4.209280528015696,,4.072792560605987
TOI-5027,205.476898193359,1.062026708926945,0.0556181063926914,0.0527401491390768,0.0584960636463061,444433834.3997768,315379662.79981154,179422252.05721447,451337073.5424086,-0.1542612555293282,0.0964954091438338,0.096900626960526,0.0960901913271417,0.4073092479197344,3.7291674396021306,1.02,0.4,-0.15,4.768063656380599,4.745688311581183,5.086190334847399,5.105862419196979,4.2879401364830985,4.246249920216393,3.7521849942711993,3.67478296202484,3.4781849942711984,3.351304134376649,3.415184994271198,3.299669811493824,3.343184994271198,3.288745264113316,3.373184994271198,3.294486379166618,3.3321849942711994,3.278739778453517,2.363184994271198,3.2776454119628013,,5.240356861364566,,4.762147632921095,,4.606811226963057,,4.546947768556763
Kepler-1817,733.004089355469,1.0147747336562205,0.1019077940200246,0.1159308543194705,0.0878847337205787,4748969187.739573,56126674.6718344,5709801.168248911,106543548.17541988,0.139349528976257,0.1000333610555174,0.0986631679377929,0.1014035541732419,1.3809635019371145,65.36316879419745,0.878,0.4,0.16,5.797100039008639,5.738755413346127,6.213728876594038,6.41003897228073,5.2105064110789385,4.982395799614512,4.519468012336239,4.01802617158881,4.057468012336237,3.5315169362682943,4.004468012336238,3.404268845464893,4.005468012336237,3.383702361307184,4.049468012336238,3.412081971108421,3.235468012336238,3.3747825424407307,-0.3355319876637619,3.375583515763133,,6.7447194227818965,,5.807029789804088,,5.396942604961022,,5.125477654372889
Kepler-259,989.531311035156,1.0492462674387468,0.1184375010969125,0.119435345939004,0.1174396562548211,4356507199.982674,4990737.494007725,2323377.9356332654,7658097.052382184,-0.1209432679742713,0.0924221692831737,0.1036656091473183,0.0811787294190291,1.3340648015045202,59.34679205358968,0.867,0.4,-0.09,5.179323548285922,5.121882743148001,5.547891968696122,5.707469636952853,4.644045227973422,4.450765137234762,4.031852295844523,3.590332700293334,3.6958522958445226,3.1671360803741653,3.5778522958445222,3.058503200929553,3.624852295844523,3.0409057267531843,3.6768522958445216,3.044301688697664,2.7518522958445217,3.0290018236489287,-0.4161477041554775,3.0269610288981923,,5.981290102325372,,5.2134078751656325,,4.859136662359558,,4.62787598807377
Kepler-375,1195.97485351563,1.0638561923698022,0.1122187118267638,0.1158886061666663,0.1085488174868613,5050876831.598102,4332747.059253138,1365498.3796657333,7299995.738840543,-0.0728369352824355,0.0999112426091132,0.0920566109597098,0.1077658742585166,1.6258169889604994,73.78201045046438,0.891,0.4,-0.04,5.27567732562512,5.229849995178061,5.664942386049921,5.892684486354828,4.72503245105232,4.498091395733744,4.147389758486419,3.5408360675995127,3.70338975848642,3.0828734455769675,3.692389758486419,2.9549208262695954,3.54738975848642,2.935244574038712,3.5793897584864194,2.94010439958037,2.76138975848642,2.923678313466662,-0.93761024151358,2.9220309391360817,,6.214468993773401,,5.342078163172566,,4.922014065313197,,4.6347767468847065
Kepler-1979,1068.21362304688,1.1266253924726195,0.0932240532520878,0.1050124867517761,0.0814356197523995,3981344814.9374175,92702175.45639265,2647471.252760276,182756879.660025,-0.0820679303197948,0.0968178015730149,0.1038904062782878,0.0897451968677419,1.5730570869566392,65.47475779999323,1.028,0.4,-0.06,5.077096897430501,4.950582219139929,5.4608697474671,5.581205380351103,4.525741535492001,4.25091733735054,3.8717094386292015,3.336975346032357,3.5817094386292005,2.903906889176897,3.4677094386292016,2.782535958653996,3.4087094386292005,2.764149449738821,3.4667094386292003,2.7649948833524283,2.228709438629201,2.7523437838082545,-0.8502905613707998,2.750269380815689,5.545109438629201,5.881038897919,5.0063094386292,5.065128110245254,4.8227094386292,4.670946314823962,4.758409438629201,4.403717055086447
Kepler-1811,1356.90771484375,1.195986643350653,0.1535458439051715,0.1288543785510663,0.1782373092592768,4916711740.715231,1828766185.4551604,1108703.3688561737,3656423667.541465,0.0986108392396628,0.1122841952023994,0.1065467442808165,0.1180216461239824,1.343627804361849,74.50263968262972,0.946,0.4,0.16,4.4679609506539695,4.428281299248268,4.83162367038047,5.038494406305191,3.942019101899069,3.733735732090266,3.357248441498669,2.85026511656256,2.9542484414986703,2.418188398502016,2.9432484414986693,2.302794115491816,2.915248441498669,2.2846556900409234,2.956248441498669,2.2968717193838843,2.3752484414986696,2.2757082022169244,-1.43975155850133,2.2763497662792,,5.327166006461583,,4.509268951110448,,4.143334674127003,,3.904478228120456
Kepler-1900,1563.51208496094,1.2619491132719975,0.1246609792436026,0.1343962403898133,0.1149257180973919,3495493259.994469,1502062730.0420623,887446.0165693117,3003238014.067556,-0.1000000007972821,0.0973849691846973,0.0977996587539036,0.0969702796154911,1.6787892356005178,67.49509677660713,1.104,0.4,-0.04,4.299184301540899,4.264082909366532,4.663175085232298,4.910873567154148,3.7706837445950985,3.558307493490803,3.206493787930098,2.626884460020365,2.8664937879300982,2.196175040921323,2.844493787930098,2.068591795329181,2.7214937879300987,2.0493318162304384,2.698493787930099,2.0486933022874725,1.8174937879300987,2.037157291632792,-1.5255062120699012,2.0351282655396323,,5.216665194493057,,4.390334970944252,,3.983508947620278,,3.7027404739293424
Kepler-1828,835.561889648438,1.075767996463335,0.084920292717481,0.0932277478893328,0.0766128375456292,4073256392.4458,429513682.32429576,7564699.16464155,851462665.48395,-0.0563066178763098,0.0976013961079827,0.0992943486485349,0.0959084435674305,1.437223683374694,66.09200400087828,0.996,0.4,-0.04,5.276179995515815,5.164430353218769,5.673653330781914,5.779384691958461,4.712167468050014,4.47024004702222,4.085106883028015,3.5762124005431297,3.718106883028014,3.1422158617644778,3.723106883028015,3.0260578888347545,3.6341068830280143,3.008102318906697,3.6901068830280153,3.013602340087014,2.854106883028015,2.9976036962288672,-0.7278931169719858,2.996510103591885,5.765806883028015,6.071695182693827,5.215606883028015,5.261281833908765,5.020506883028014,4.883994992369471,4.944506883028014,4.633728061685819
Kepler-1797,1311.73022460938,1.2352227301220589,0.1104529889122154,0.1171799335637784,0.1037260442606524,1683994712.372503,4595534.047057387,1404459.3536628648,7786608.7404519105,-0.2226319137853368,0.1035393381011244,0.0941995106152791,0.1128791655869696,1.573698634251986,77.96871235227076,1.069,0.4,-0.2,4.691775602079014,4.599994746509385,5.021889966703013,5.169500952903183,4.194077771878813,3.979645578084269,3.620777372098514,3.158405875058902,3.330777372098513,2.7917109266860147,3.2407773720985134,2.6795603283171774,3.1857773720985136,2.664619943990584,3.287777372098514,2.6620301731266784,2.5287773720985136,2.652970074204597,-1.4582226279014865,2.6495587139761625,,5.424305141104084,,4.737018860400428,,4.396223636208474,,4.165444140366179
Kepler-1322,1307.64770507813,1.0186856027592606,0.1287136815465527,0.1576683980197082,0.0997589650733973,6452216773.631894,2659775753.644812,2170373.655725237,5317381133.633898,-0.3257636781718582,0.0960226799360688,0.1036609120738575,0.08838444779828,2.031068287688399,76.55684005470941,0.897,0.4,-0.3,5.181924767897904,5.162200867852946,5.602053590224504,5.908173850891215,4.600732751296304,4.3705108643463975,3.9895462202294034,3.294841370724895,3.584546220229404,2.79533232591951,3.485546220229404,2.64614071834254,3.4925462202294035,2.6225835106410083,3.4745462202294046,2.6200949789979715,2.203546220229404,2.6046557474230063,-1.2014537797705955,2.598659413222746,,6.278919626571304,,5.318088473840854,,4.816002803622975,,4.4543355128228725
Kepler-358,1069.26196289063,1.0828084609856363,0.1110213337085389,0.1170778935466824,0.1049647738703953,4567159702.066568,79488298.28698933,3540189.943021541,155436406.63095713,0.0063778697064661,0.0980044755216287,0.0959210757723082,0.1000878752709493,1.443492569046836,52.816583723202896,0.94,0.4,0.035,5.199766598006132,5.149213348987372,5.589689693709333,5.775860848794275,4.649781666060333,4.443139594040461,3.9605794108113326,3.535703243799281,3.643579410811333,3.094134786564766,3.506579410811332,2.9753891846650173,3.4185794108113328,2.957160163001561,3.437579410811333,2.965991149789499,3.039579410811333,2.9475541654176647,-0.3594205891886677,2.947209087620933,,6.075991468914539,,5.242221268304809,,4.857677910936604,,4.602329217793003
Kepler-276,1082.02819824219,1.05646840531852,0.1264217484052082,0.1348697595861905,0.117973737224226,3589532778.530843,4379188.037035975,1536332.3293481774,7222043.744723773,-0.3174670551311692,0.0964808869169319,0.0908515645856396,0.1021102092482243,1.5597691165129175,77.0298259207051,0.845,0.4,-0.29,5.181414832710949,5.113056549957145,5.545717467903849,5.718140806906743,4.648832549690949,4.440141941632757,4.0628071056601485,3.5523743544591206,3.695807105660149,3.1330198740619872,3.666807105660148,3.0174571710015106,3.659807105660148,2.999583730060176,3.795807105660149,2.9964120655039315,2.505807105660148,2.9841473693403904,-0.9151928943398512,2.978815107661405,,6.001372285956094,,5.237880050906911,,4.858738637026804,,4.6010579928520485
Kepler-1679,901.850891113281,1.0711982673613631,0.1000688298306902,0.1054966040918934,0.0946410555694869,4788030934.531818,20413845.60193581,2324794.6891167127,38502896.514754914,-0.062662477971435,0.1000343005488698,0.0983092548991811,0.1017593461985584,1.6985138504481152,83.528377967096,0.96,0.4,-0.04,5.329038792569431,5.290837148508042,5.72140138717393,5.971060955825916,4.772951298672931,4.546087915424042,4.12232630630233,3.568041442405418,3.8063263063023314,3.1037841314255683,3.752326306302331,2.9713696604058004,3.64532630630233,2.951425663136148,3.7103263063023313,2.9564789377162297,3.130326306302331,2.940237243226164,-1.2536736936976691,2.9388000496889344,,6.30369407560705,,5.40856321479756,,4.973737867494189,,4.673905676342316
Kepler-1839,1110.99755859375,1.163738971911368,0.1094967361417367,0.1206150636366294,0.098378408646844,4728961404.547993,2475997712.7662854,2044307097.111204,2907688328.421368,-0.0761823660192642,0.0984574709548168,0.1040624158837584,0.0928525260258753,1.376550053997128,44.63150066048666,1.03,0.4,-0.04,4.382355383146663,4.362921212116154,4.759100607145664,4.981945064065071,3.842464140165664,3.674472901083403,3.236434477079764,2.776836605321222,2.868434477079763,2.3407862280468774,2.804434477079763,2.225353846170298,2.780434477079764,2.206389837632777,2.818434477079764,2.211043612369576,2.315434477079764,2.1924854265799016,-0.7335655229202374,2.188871347445182,,5.266410092843634,,4.473605007119218,,4.08835839412437,,3.836653124919257
Kepler-1821,800.779479980469,1.090456342251451,0.1115829407247306,0.1187074134498795,0.1044584679995817,4619812939.900763,185946297.70998544,6957233.551974839,364935361.8679961,0.1134633347299966,0.0946430793384189,0.0967582673562233,0.0925278913206145,1.1836870669260555,55.85649222580388,0.946,0.4,0.14,5.107184504689046,5.061795293121128,5.487272357167047,5.644428029808479,4.565018748463446,4.38417786056508,3.9514353210342463,3.536384480915605,3.6644353210342473,3.110391997003795,3.5404353210342467,3.003170477175051,3.5024353210342465,2.986294318061953,3.533435321034247,3.0030024661821995,2.9734353210342466,2.9785135476572657,-0.4285646789657527,2.979507783188424,,5.919141563738574,,5.125701207697153,,4.785945145734408,,4.571528096350578
Kepler-616,928.746704101563,1.0520101258764096,0.0842909581347541,0.0874098350360516,0.0811720812334566,6558323748.278075,3185070952.684214,3192508123.182212,3177633782.1862164,-0.0358291768044653,0.0995378047173369,0.1001894403097998,0.0988861691248739,1.560012815525854,43.970617224021886,0.98,3.89,-0.02,5.096885375459621,5.078443671294172,5.47129314370912,5.741042425469723,4.556036643465021,4.341557043206366,3.974513572175921,3.381968786391656,3.5725135721759216,2.915621136003893,3.608513572175921,2.788599655693308,3.149513572175921,2.768229272609093,3.2255135721759203,2.7767163805638435,2.6605135721759208,2.756313482291132,-0.208486427824079,2.754871850944693,,6.063229525469844,,5.180534338782305,,4.763047012205364,,4.479301502549911
Kepler-1739,771.440368652344,0.9895226877060408,0.0940410143647629,0.1066722361043933,0.0814097926251326,4212683212.656771,246636978.81300712,5052958.05246797,488220999.5735463,-0.5118574811342854,0.0932744579218143,0.0915057463064917,0.0950431695371369,1.4383699716465206,52.52518934915442,0.865,0.4,-0.5,5.193956562070005,5.149146472843089,5.557642169980104,5.718805910672514,4.662723728207705,4.503773607725445,4.055488193539706,3.6535279566309695,3.700488193539705,3.2450169950695686,3.587488193539704,3.138602078379616,3.636488193539705,3.121201077405114,3.669488193539705,3.1168774503317493,3.443488193539705,3.10307332661178,-0.2325118064602946,3.0953531508643013,,5.980460418664873,,5.269032575064021,,4.916172180887709,,4.679726874240284
Kepler-1819,1251.29272460938,1.2553244881955608,0.1034369849493822,0.1095302035772043,0.0973437663215601,3463316627.663314,68153988.64338069,1731423.6535155943,134576553.63324577,0.1887668398746688,0.1007490209300941,0.0976195239648489,0.1038785178953393,1.5959092433822528,76.22487919656562,1.173,0.4,0.21,4.8220537837691975,4.788163692355946,5.201265209550398,5.4543992743310135,4.279523723954698,4.05410790348452,3.685205402726698,3.110264548952752,3.3692054027266973,2.6661583309624795,3.355205402726698,2.5354149797994463,3.3052054027266973,2.517342086855452,3.360205402726697,2.531037597072838,2.2602054027266973,2.5116958295140464,-1.4317945972733028,2.5139989268449696,,5.778627289924529,,4.8874892043330185,,4.475876056332862,,4.198606663015806
Kepler-1847,1771.41357421875,1.2056856182941609,0.1199340085886286,0.1447897211909274,0.0950782959863298,3678877028.726616,1981317625.872841,2212631604.511482,1750003647.234201,-0.2418422098729091,0.0997514076588472,0.0935256993573014,0.105977115960393,2.0519596918716583,84.03290781601103,1.041,0.4,-0.18,4.612901882628826,4.566899602417691,4.981359676818226,5.283049463805937,4.060249523620026,3.817259915977421,3.4404001583856267,2.795142385685823,3.1174001583856263,2.3401830891824305,2.9504001583856265,2.1939689289957176,3.060400158385626,2.1729367606419023,3.1954001583856257,2.169362833941224,1.6424001583856267,2.15781361689387,-1.801599841614374,2.1530513712085453,,5.629485241587195,,4.733617102510943,,4.261501883585892,,3.920426560516646
Kepler-1820,1380.53002929688,1.1610591555967025,0.1163102679856386,0.1219173900150208,0.1107031459562564,5038570884.73932,1211005994.7916615,1526262.0113871796,2420485727.571936,0.0293431492766328,0.1025364866753773,0.099883324041271,0.1051896493094837,1.8813293899225003,85.5397609158064,1.047,0.4,0.07,4.979489681982331,4.951663685205015,5.37594067838133,5.684935822508471,4.420623181127931,4.165047756592521,3.78477071072993,3.1234346309089256,3.40677071072993,2.6377611847719584,3.4487707107299297,2.4915728140825806,3.381770710729932,2.470191310424368,3.4777707107299314,2.4783207805346583,1.94477071072993,2.460010527418264,-1.58722928927007,2.4596683246843734,,6.049524459374663,,5.07963512835417,,4.602650212217002,,4.267178511355064
Kepler-1862,1268.71618652344,1.04292927253629,0.1234136449023764,0.1335279981784243,0.1132992916263285,5974809764.365933,2103332504.782868,1468746.299241386,4205196263.266494,-0.2680000818227706,0.0965854358812359,0.0895501862004202,0.1036206855620516,2.172619444461627,84.55798605118167,0.9,0.4,-0.24,5.310304099421392,5.278857883924042,5.728908950190494,6.054134675908537,4.726170951228093,4.467069014209526,4.079177596430693,3.3586230648658084,3.679177596430693,2.852539621480657,3.608177596430693,2.6954960290297176,3.5911775964306933,2.671851005310482,3.752177596430693,2.668954001478352,1.7951775964306922,2.6550988573097807,-1.2328224035693065,2.649731671543724,,6.442759960276071,,5.446389995349273,,4.919556687470214,,4.536391994906567
Kepler-1758,1471.69677734375,1.0602006673663191,0.0766626804126981,0.0737529371521523,0.079572423673244,8825822960.848848,1469744678.1152153,1370877608.1362982,1568611748.0941324,0.1276939723103526,0.0991911882522355,0.0939353075366004,0.1044470689678706,1.051469146876382,66.60082747381612,1.035,0.4,0.16,4.094312274413991,4.090165113041012,4.49496229882809,4.775058430958111,3.5246225237425914,3.3317155995667287,2.865908305602991,2.340998026368634,2.509908305602991,1.8122267277692268,2.4629083056029906,1.683656622834084,2.3829083056029905,1.657357708134723,2.448908305602991,1.7013392597756398,1.7589083056029915,1.6418059345000404,-1.8720916943970085,1.633727789857824,,5.121914187068366,,4.1654190926508265,,3.7400090772896513,,3.4683945048657936
Kepler-1796,796.228881835938,1.1550968183926045,0.1183233173246708,0.131895982967829,0.1047506516815126,3380712291.1501493,11006551.256575773,2022749.351332063,19990353.16181948,-0.18721995669721,0.1003256699238467,0.1007786933959849,0.0998726464517084,1.6172342132039454,54.25599089676727,1.018,0.4,-0.16,4.836713098745852,4.785495051830075,5.203627847891353,5.401728798917126,4.299876474600353,4.107296797918493,3.710810365896752,3.2105245203078336,3.395810365896752,2.7934876009007303,3.3038103658967515,2.673960335635906,3.2638103658967523,2.656042411869039,3.3468103658967525,2.6532345263316044,2.0678103658967526,2.641910452119508,-0.572189634103248,2.6376635180988144,,5.68993345345262,,4.91453482972841,,4.528582392399037,,4.264347417555531
TOI-4153,419.036834716797,1.605373881663464,0.0771914430227933,0.0744441898877974,0.0799386961577892,543566492.6338255,328401587.7405846,208219589.6537409,448583585.82742834,0.3166316815193816,0.0940800568648998,0.0959370870797177,0.0922230266500819,0.8601947684690602,6.023752792099348,1.572,0.4,0.317,3.4486497714385766,3.399121011701068,3.755616553054777,3.7995929364390495,2.9692739322051764,2.9144778826788054,2.4477389972075763,2.3500273325065546,2.247738997207577,2.096766062690194,2.1847389972075764,2.020871936749525,2.1167389972075767,2.013200029024988,2.122738997207577,2.0169788420053227,2.0707389972075774,2.0168885352995414,0.8547389972075763,2.024507158849167,,3.9482316816582697,,3.4625426227775256,,3.291865927265228,,3.2117054655941044
WASP-52,173.565643310547,0.915448014256387,0.0525857925932366,0.0488716958487404,0.0562998893377328,415168449.2180054,247893224.0700338,214973852.1055255,280812596.0345421,0.0315378196282396,0.1001214804965584,0.0992570419069126,0.1009859190862043,0.6131810825021141,26.91408767827142,0.87,0.4,0.03,5.7490427300951605,5.926616281820072,6.21835635161616,6.464281238081013,5.12265322661616,5.261183159942365,4.390681188347159,4.448876226338666,3.98868118834716,3.9769535167304384,3.88868118834716,3.886722681240231,3.813681188347159,3.866122333162383,3.8966811883471593,3.90557287967936,3.78568118834716,3.852896623530107,2.1976811883471594,3.851780664743609,6.666481188347159,6.722691684290103,5.7825811883471605,5.927115960449858,5.59968118834716,5.640574464370215,7.42468118834716,5.477287718214579
Kepler-1666,1418.29284667969,1.3573684634823586,0.1136202300050113,0.1162555346491758,0.1109849253608468,2048197170.8578403,4115140.837157642,662217.2109807031,7568064.463334581,-0.2247825927554479,0.10103301938514,0.0928967090245694,0.1091693297457106,1.834536384396728,73.0390729336495,1.23,0.41,-0.2,4.24508908532917,4.1785380898854685,4.5677914931660695,4.8027066243895735,3.7520242049580688,3.52733819439577,3.2011704375630696,2.649458990689175,2.923170437563069,2.2762704484612466,2.8701704375630683,2.1466352041381533,2.8061704375630683,2.130014605212027,2.9101704375630693,2.128007660489049,1.7561704375630691,2.120939977177182,-1.6968295624369318,2.1198827162363814,,5.086415952527027,,4.337766104850747,,3.9572238242761184,,3.6883852689497134
HD 63433,22.3590888977051,0.9892360078994706,0.0477903098684015,0.0456149140786045,0.0499657056581985,414034787.90991753,22929688.108768225,22460247.80801606,23399128.409520388,-0.0730341027522482,0.0983437041752006,0.0979306871208835,0.0987567212295178,0.1012651281850437,0.2878882991687952,0.956,0.414,-0.07,4.989912103843849,4.96989454465156,5.32905299587266,5.306532785306353,4.4755492918016095,4.472631107004329,3.8767294866563495,3.924192567417209,3.61172948665635,3.582238145758891,3.51072948665635,3.5396825680030783,3.4987294866563503,3.527566366218706,3.381729486656349,3.5469570887271096,3.5497294866563496,3.516779217624081,3.41572948665635,3.515884187025823,,5.429468049528641,,4.9472602513429145,,4.821111548449788,,4.7899588000224025
HD 56414,267.155029296875,1.872725727942532,0.0822352500735121,0.0800435135814878,0.0844269865655364,398263302.4913456,143345705.7034349,152727343.86551058,133964067.54135925,-0.0048670390243208,0.097365980980653,0.0992970391897572,0.0954349227715488,0.3083328603489502,0.3674471959359908,1.89,0.42,0.0,2.07764334173703,2.0750383663172904,2.156978554444549,2.1997444101581,1.91694349737668,1.925543419802816,1.7531832282116395,1.7448129796403204,1.7201832282116385,1.6819535761542126,1.6891832282116397,1.655486775868591,1.65018322821164,1.652921627710244,1.6671832282116394,1.654146851203003,1.68218322821164,1.6547485946216507,1.93018322821164,1.6613408632435869,,2.1505500797787347,,2.176838200632904,,2.2741455403414905,,2.371433384228164
WASP-178,409.342437744141,2.057876857112121,0.0878152378777437,0.0867648997043737,0.0888655760511136,371790582.3788982,204674901.73603263,190955320.5621228,218394482.90994257,0.2052698405078429,0.0983188084063452,0.0985326571216878,0.0981049596910027,0.3774659277599339,6.278364704324081,2.07,0.43,0.21,1.855355746307588,1.86750549967696,1.889705187835908,2.01472069733385,1.773213870086888,1.6961506794627417,1.714566142120578,1.48986762749821,1.674566142120577,1.418014105448734,1.642566142120577,1.3859783060049318,1.6095661421205776,1.383103732181739,1.6225661421205777,1.38473068829965,1.5845661421205772,1.387066109917027,0.2995661421205771,1.3955068794721937,,1.9796788427016017,,1.9692646940520493,,2.048422810994681,,2.131384779645148
TOI-2046,284.117218017578,1.2311134952822609,0.0569064519046715,0.0538347785179056,0.0599781252914375,557767276.8051238,235479460.16730863,173555427.69014496,297403492.6444724,-0.0688835292139463,0.0978576553583807,0.0982236063700825,0.0974917043466788,0.4617478115908972,6.655023723035557,1.13,0.45,-0.06,4.140640016968984,4.079199455814863,4.450842615540784,4.40491790632952,3.665694948609584,3.629483857667197,3.1475122322399827,3.119717679100854,2.8575122322399835,2.8493913274481093,2.826512232239983,2.801048007882705,2.812512232239984,2.79314526302001,2.828512232239984,2.7933918922641694,2.735512232239984,2.7860243361475923,1.6125122322399843,2.786241148532058,,4.512488643748023,,4.113395235863567,,3.98942651183583,,3.951390910069032
Kepler-1777,619.245239257813,1.0902097784957414,0.0549124293967171,0.0524879127533157,0.0573369460401185,920057602.099354,657117763.8437648,430387922.47036016,883847605.2171693,0.0447767149984334,0.0971444075460485,0.0977902104179557,0.0964986046741414,0.5990192097310243,38.656908834332754,0.984,0.46,0.06,4.979839335463295,4.9174280114518005,5.331814776442295,5.351875670379568,4.466117869398895,4.354115585937821,3.951686617872994,3.694690486902828,3.6496866178729945,3.3348029715206766,3.568686617872995,3.265005094204991,3.395686617872995,3.2525498256639787,3.459686617872995,3.2684732119044466,3.8466866178729937,3.2454328585391274,0.3096866178729947,3.2464800250355195,5.4339866178729945,5.5346287911928975,4.927986617872994,4.936625769465492,4.787586617872995,4.725488081635563,4.722986617872994,4.621141847910561
HIP 113103,46.1927452087402,0.7894015189470155,0.0451324739951016,0.0419607077149783,0.0483042402752249,471054967.3199997,138266616.70975608,129275926.74936092,147257306.67015123,-0.1009313486824385,0.0968969584207895,0.0950893346333326,0.0987045822082464,0.1626516581497721,0.235707218432673,0.761,0.47,-0.1,6.29493375548852,6.289324764371581,6.826269586177039,6.7945914996988925,5.61240335235132,5.638209006917775,4.87213113555444,4.841105038032402,4.34713113555444,4.314224974339046,4.23413113555444,4.237241966400438,4.07513113555444,4.212828463381013,4.21513113555444,4.262783080684625,4.16613113555444,4.191589381841225,4.072131135554439,4.18655991373541,,7.0496792171581,,6.253317311104666,,6.001743228051944,,5.872510520956799
HD 73583,31.5621757507324,0.7395758883362138,0.0457289927552035,0.0428930838544283,0.0485649016559787,480406558.1194341,210640113.9543489,211422463.873312,209857764.0353859,-4.854492682938511e-05,0.0977988470814182,0.0972394135437142,0.0983582806191223,0.1035585758590322,0.1338027338679158,0.73,0.48,0.0,6.781617799739143,6.781335689073595,7.389902749995493,7.373736481358903,6.039808908442753,6.060894202071005,5.153165330867073,5.152939101200207,4.5961653308670725,4.529641922469331,4.452165330867073,4.43630286209704,4.3541653308670725,4.409084029513264,4.467165330867073,4.475101415471104,4.425165330867073,4.381534075838781,4.227165330867073,4.371357068636827,,7.735265979046063,,6.7425725310031135,,6.429543446685839,,6.259788405352011
WASP-139,212.156814575195,0.969698640042265,0.0510511786052391,0.0478161375977655,0.0542862196127126,500857827.51076704,103647570.885325,105242869.0897268,102052272.68092322,0.1962923754833167,0.1004645375243391,0.099879598901042,0.1010494761476362,0.352724341427398,5.841207112981603,0.92,0.5,0.2,5.630823727503495,5.604075421830374,6.068226452723195,6.086663785216789,5.033636685267195,4.981024243766002,4.348715069666595,4.249494563270593,3.9417150696665946,3.811190586202459,3.838715069666595,3.733422249395567,3.798715069666596,3.715061320424984,3.870715069666595,3.761469234777944,3.7847150696665945,3.704621683260323,2.551715069666596,3.7054272922313376,,6.314794296752343,,5.577278588102728,,5.3468185746126125,,5.233512906700663
WASP-140,116.416893005371,0.9381895255859364,0.0477026036276615,0.0445860992885278,0.0508191079667952,500610021.0849124,103004608.17702854,102088513.47926223,103920702.87479484,0.1169747423504986,0.0985582911686239,0.0978412981541043,0.0992752841831435,0.0832396130746926,1.6117561539817111,0.9,0.5,0.12,5.495071421349555,5.476485606029467,5.899260531151856,5.891683313031943,4.923399935448756,4.904336737573019,4.278919977868156,4.25225757174497,3.909919977868156,3.836359738495089,3.834919977868154,3.77642381649232,3.770919977868157,3.759264815822613,3.819919977868156,3.803072414863207,3.7599199778681553,3.747245068242829,3.150919977868156,3.747032007387169,,6.0760094342104685,,5.431677443480901,,5.256992628000065,,5.19039936792587
LP 791-18,26.6017589569092,0.1748029703671376,0.021954493330108,0.0212262898748547,0.0226826967853613,499632160.87496215,104207454.7287768,104519290.30419874,103895619.15335488,-0.0646989573990873,0.0972623886539257,0.0975874539569062,0.0969373233509452,1.5834046522225458,7.545560825863089,0.139,0.5,-0.09,12.908433917629962,13.08906149891237,15.092676166165065,14.971827313035854,11.56043911324756,11.650307706140357,9.43444823037406,9.411132230861252,8.868448230374062,8.578187220863729,8.519448230374062,8.262322220661044,8.301448230374062,8.10586532821439,8.108448230374062,7.930336906426214,7.899448230374061,7.793161446423544,6.512448230374062,7.709773825632136,15.75814823037406,15.886906508720935,14.14264823037406,13.83323842715739,12.18964823037406,12.229522328937632,11.131948230374062,11.189879999109934
Kepler-1162,914.002380371094,0.9503343029873984,0.081833823595046,0.0835322557197432,0.0801353914703488,8942948036.306866,3655873547.054493,642674306.5093069,6669072787.599678,-0.0415153312253076,0.0982313083177955,0.1003386235774986,0.0961239930580924,1.6086241170206572,55.94214404961426,0.89,4.37,-0.03,5.668594817491455,5.646566435635898,6.097936133714654,6.3525272488906745,5.081756095262454,4.866531454941078,4.373263366075456,3.84584668686359,3.955263366075455,3.339994076966199,3.948263366075455,3.2044356161679715,3.7652633660754553,3.1816829310946155,3.814263366075455,3.1981364245895056,3.303263366075456,3.16872219479676,-0.2507366339245447,3.166954311136531,,6.704815318350706,,5.744378427607044,,5.29270650490723,,4.98219740602612
Kepler-121,514.749816894531,0.924718236326009,0.0616016629999615,0.0606117489803895,0.0625915770195335,2134245046.541504,788281241.8623071,97518116.41889712,1479044367.305717,-0.0849945296259802,0.0995002916605598,0.1002022175723207,0.0987983657487988,1.201764904110712,41.47540567438725,0.859,0.5,-0.08,6.106937895516149,6.080277431600334,6.558720122078649,6.716268796678172,5.489659796456149,5.346724912362701,4.762018995980048,4.4108192097068,4.328018995980047,3.9172037147935295,4.238018995980047,3.80097355020856,4.180018995980047,3.779091110591332,4.251018995980047,3.8041367924125216,3.563018995980048,3.765964158662154,0.812018995980047,3.764154902732576,6.724718995980048,7.028748887889013,6.058718995980048,6.138599638736725,6.411018995980047,5.753621664102682,5.6955189959800485,5.502624118337777
Kepler-1742,659.722534179688,1.0328788768653976,0.08080620390144,0.0889689708136486,0.0726434369892314,3683415926.846063,759658102.9764136,12933176.541655373,1506383029.411172,-0.1953917537133091,0.0997546215111907,0.0968216426450623,0.102687600377319,1.344019435457679,44.87814489839924,0.939,0.5,-0.18,5.2652272512199065,5.225293135420936,5.638450555968507,5.806595449270718,4.725376062560306,4.5590132328814015,4.090193407225806,3.702071568097522,3.780193407225808,3.2811598647883167,3.7341934072258063,3.1735922030359345,3.639193407225808,3.1560551644492865,3.678193407225807,3.157238487270797,3.209193407225806,3.1431931849948063,0.0571934072258066,3.14034114366946,,6.077803302892807,,5.32081262105648,,4.967640734651847,,4.736600191412059
Kepler-1837,1145.87097167969,1.1547719129477676,0.0999205942761951,0.1063797888759132,0.093461399676477,3612085087.417406,100732928.9100662,2087270.524878255,199378587.2952541,-0.0418778556013686,0.0980901457759776,0.0957398951961551,0.1004403963558002,1.7688002418045317,78.53598986045958,1.049,0.5,-0.02,5.109761742533202,5.061992532499794,5.480223206461403,5.741027672229789,4.569015053690402,4.3257338020207365,3.9203214120278016,3.3537869603441206,3.6073214120278014,2.902586828090602,3.539321412027803,2.768777830628077,3.440321412027803,2.749513314131766,3.581321412027803,2.7511365945213244,2.623321412027803,2.738759968492505,-1.2986785879721978,2.737361370405791,,6.0709184971415215,,5.190789017995094,,4.755901008350375,,4.454015931308706
Kepler-1799,2186.26098632813,1.174095038207697,0.0776909707285484,0.0707101665644287,0.0846717748926682,4945995374.976893,1538293899.6955156,1464100186.6480331,1612487612.742998,-0.0684011882924141,0.0983185260959698,0.1041215828017141,0.0925154693902255,1.5443593099528845,81.57150084471868,1.016,0.5,0.0,4.116471436097166,4.087472499996865,4.510026123597166,4.855378676599899,3.559721138550767,3.3153001736494776,2.9374899755258657,2.2550044903741444,2.521489975525867,1.7529230539486516,2.5384899755258665,1.6115298060066117,2.456489975525866,1.589427321532006,2.531489975525867,1.6033246357429187,1.4244899755258658,1.570645506676399,-2.375510024474133,1.5606472614591018,,5.197946061457888,,4.278730130204136,,3.7522013486016186,,3.412080924204341
Kepler-1887,1400.88256835938,1.1093181683186482,0.1300468386967014,0.1406044182393065,0.1194892591540963,5166822636.086435,2016574236.54943,1591344.9429804054,4031557128.15588,-0.1354760191532356,0.1037604835625752,0.1152123930570923,0.0923085740680582,2.1432078075142256,92.66878751013247,0.961,0.5,-0.1,5.211104670765423,5.180284111320791,5.609141627552525,5.9535901997079845,4.649735728504624,4.36969192379232,4.067991343739024,3.2707966708003524,3.601991343739023,2.77033891624227,3.5659913437390234,2.613501014703575,3.593991343739024,2.590595449423829,3.649991343739023,2.59021362532376,1.6869913437390238,2.5766929455297896,-1.5170086562609768,2.573452263185801,,6.341134560744488,,5.340900583700244,,4.820434114096754,,4.444028577941685
Kepler-1750,1481.71240234375,1.1474916293177355,0.109327247900569,0.122158577748263,0.096495918052875,6100776192.777679,3410444842.525345,4282878709.2878337,2538010975.7628565,0.0957247476509024,0.1015824036362542,0.0964915223050589,0.1066732849674495,1.5618250931366764,69.08933580472389,0.981,0.5,0.14,4.667066840895169,4.641315757237097,5.0630924985489685,5.320238493840771,4.111363677748168,3.889145824506812,3.474180419691568,2.914800471454579,3.0551804196915686,2.4424318992400686,3.0491804196915684,2.3109637361953568,3.027180419691568,2.29023628121924,3.0521804196915685,2.3059529261543807,2.256180419691568,2.280112562912468,-1.3748195803084329,2.280341213168658,,5.652909043191025,,4.735895693742608,,4.311239218763511,,4.023089455555199
Kepler-45,380.730529785156,0.7342267073420693,0.0536579799042717,0.0500460025590618,0.0572699572494815,502100335.5321481,101791050.63634732,100842087.93826288,102740013.33443175,0.2744070802911892,0.09408215165327,0.0945152650055267,0.0936490383010134,1.0730156333103342,49.70563904700417,0.59,0.5,0.28,8.06166558886905,8.019334456095114,9.058581406129749,8.984281067484867,7.076717430604848,7.020879772090806,5.845911484254749,5.65936229496086,5.173911484254749,4.852375582976325,4.988911484254748,4.670033846811077,4.901911484254748,4.632253366139499,4.934911484254748,4.709627500354393,4.859911484254749,4.598020386026196,1.1869114842547486,4.572635833023654,,9.630862070410291,,8.088398440807246,,7.451651127237646,,7.023318309453051
Kepler-284,1042.21801757813,0.9562080037841684,0.1269856658461091,0.1196680766977064,0.1343032549945119,7079945330.747845,4786275.267884992,1402240.375444225,8170310.16032576,-0.2881547337752982,0.0936729438701408,0.091206805340027,0.0961390824002546,1.9709117281120176,79.24685824943613,0.766,0.5,-0.26,5.709811531598263,5.66899820097341,6.139714561993763,6.413339817308236,5.118623100812062,4.872988563687503,4.469207115704661,3.800699755371864,4.065207115704661,3.296160142711667,3.9892071157046622,3.148609827123699,3.8992071157046624,3.125229139629356,3.8992071157046624,3.1253032448474407,2.493207115704662,3.1090377780887626,-0.7407928842953382,3.1042681092398734,,6.78593739525889,,5.814338518262016,,5.315739417429686,,4.959671273266018
Kepler-1695,810.272827148438,1.0662396824330909,0.1083805491694733,0.1239491635333188,0.0928119348056277,4940028223.797938,686835173.9750059,7183761.538037407,1366486586.4119744,-0.0559697551850084,0.1006994098956141,0.0937464118214115,0.1076524079698167,1.3414551002924135,44.52348683288839,0.96,0.5,-0.0347,5.067915212123715,5.030988816895224,5.448095571010416,5.625828188767482,4.525929700343916,4.350872054756979,3.8948436255148167,3.48024072482414,3.520843625514816,3.051927914044914,3.4548436255148154,2.9410554337813184,3.397843625514817,2.923215053594993,3.4108436255148167,2.9290231072015795,3.0838436255148167,2.912104038092958,-0.1371563744851833,2.910762981193604,,5.905493258235111,,5.119761975548381,,4.759948869328534,,4.524718067064498
Kepler-1906,1374.24182128906,1.122647866547274,0.0761609801529388,0.0725352604009108,0.0797866999049667,5536949974.544642,1522981481.3692377,1467459932.8237128,1578503029.9147625,-0.1560764903680357,0.1000660545679494,0.0935114534918092,0.1066206556440896,1.3494767753623558,61.289769157858025,0.987,0.5,-0.12,4.257208265889407,4.250659792400157,4.638376631368008,4.879327061985472,3.711848654378207,3.5391844753718287,3.115684195149706,2.609603777834181,2.7846841951497066,2.13780059148758,2.719684195149707,2.019875180804764,2.6786841951497067,1.99728105028872,2.7236841951497066,2.009365170917065,2.202684195149708,1.979708048992308,-1.466315804850293,1.975870707753683,,5.18110970310934,,4.3392363701287415,,3.951877175939953,,3.692624421662299
Kepler-1674,1029.61755371094,1.0617473819887335,0.0927526072408287,0.103876290981326,0.0816289235003315,4631175508.60004,386056046.5225867,6506901.561556606,765605191.4836168,0.0358673573745721,0.0935069126129001,0.0935303932257012,0.0934834320000991,1.4883574169941276,60.65619073568707,0.96,0.5,0.0562,5.402348115364445,5.360407811706725,5.816720559517245,6.011691478233889,4.821953370491446,4.631077436399839,4.127620309273146,3.692302896342321,3.811620309273145,3.233979705791973,3.742620309273145,3.1099182001158168,3.7276203092731457,3.0909682384512536,3.735620309273145,3.103979971835353,3.156620309273146,3.0818454192665583,-0.4943796907268538,3.081910238428791,,6.328571431659007,,5.452042909987737,,5.048684849637874,,4.778689686520779
Kepler-1867,667.452087402344,1.0559877279679524,0.1189366842880613,0.1398502134762264,0.0980231550998962,5931903943.853672,2787831564.36881,9564510.466424389,5566098618.271196,-0.2672628923761383,0.1028465302962577,0.1025122003896795,0.103180860202836,1.0619637570278797,26.818657860435792,0.911,0.5,-0.24,4.302585000114389,4.278614382741765,4.672134751396088,4.780146488639065,3.770523423271088,3.6771427660287217,3.1848995219038887,2.912706416414811,2.830899521903888,2.525498388814861,2.774899521903889,2.43684288584414,2.7168995219038887,2.419891587806764,2.791899521903888,2.4169749103350817,2.727899521903888,2.4027823274425133,0.1788995219038884,2.3973012955915367,,4.997850726156495,,4.35924496262443,,4.071312498014904,,3.892812530635218
Kepler-1894,909.318298339844,1.0790078098056306,0.0922403431818383,0.0986558367497912,0.0858248496138853,3643636475.12667,237550238.2345296,5870042.301578447,469230434.1674807,-0.0145379739027388,0.0925665092628677,0.0917245509495345,0.0934084675762009,1.7577842467638414,66.06612515904382,0.999,0.5,0.0,5.5570816250506,5.513518540985537,5.9581207485858005,6.215927494262186,4.988469526356701,4.7496957052361095,4.2844203472796,3.747322073405994,3.9674203472796,3.273471716351846,3.8544203472796,3.1358096297796725,3.7994203472796,3.1158864347019537,3.8934203472796,3.1243553357174103,2.8914203472796007,3.1065116034770885,-0.5875796527204002,3.106174951486502,,6.563558106254555,,5.6316473665706805,,5.180609924178691,,4.868261553413893
Kepler-308,1318.15942382813,1.0908433597082416,0.1378589101605073,0.1429188861209227,0.1327989342000919,5789032678.952137,1942860332.9117,1451637.7657091927,3884269028.057691,-0.0784946742439643,0.0912863050616441,0.0945946962717563,0.0879779138515318,2.0352729561815823,81.36653354876282,0.92,0.5,-0.04,5.239297383015105,5.194096387976789,5.626242153828104,5.958105377362129,4.676999561970204,4.384586722649958,4.014160305683605,3.296924547060157,3.5531603056836047,2.79285706491345,3.587160305683604,2.639445698879375,3.264160305683605,2.616510156397939,3.308160305683604,2.620100229590314,2.346160305683604,2.603500796865059,-1.3548396943163965,2.601220841097857,,6.341408524781558,,5.339690183417179,,4.830452329962375,,4.46587785366603
Kepler-1720,617.434265136719,0.9967739163386856,0.0657797681214639,0.0647616591995862,0.0667978770433416,2124631047.766462,857185426.3835719,119398224.4658986,1594972628.3012452,-0.0459703642888606,0.0968839748483642,0.0929339136416797,0.1008340360550487,1.1694665687627814,42.23463841780036,0.939,0.5,-0.04,5.6987616415016245,5.6615663507715,6.118798911093924,6.255753853673698,5.114103018759924,4.9688186164666135,4.405046362876124,4.095249698892348,4.029046362876123,3.6446191717807617,3.938046362876124,3.5368580758402954,3.935046362876124,3.51829767479209,3.9900463628761234,3.536110040957963,4.0680463628761245,3.507729668401258,0.460046362876124,3.506972280728287,,6.539536866786406,,5.723640542490037,,5.371422901021222,,5.146753533695268
Kepler-1892,868.237365722656,0.9881190572634464,0.1017599693291473,0.1007279802028632,0.1027919584554315,5897076310.505178,4237249.857600508,1427358.6167773772,7047141.09842364,-0.2454112447607659,0.0947556150552486,0.0890858894231133,0.1004253406873839,1.976822343975569,75.16307763764988,0.851,0.5,-0.22,5.69442761056928,5.650734073733696,6.153953672580979,6.392470288933811,5.07668984048868,4.858867765553884,4.371807638340279,3.793930179191405,3.87380763834028,3.296048500887631,3.86980763834028,3.1487362143711604,3.82280763834028,3.126114455425254,4.03280763834028,3.1264974533500127,2.967807638340279,3.1111864028849525,-0.795192361659721,3.107137547539612,,6.763256140749911,,5.7965458505241845,,5.301458767964662,,4.948346696432932
Kepler-462,592.486083984375,1.628680773548231,0.0816576596748741,0.0789016114328027,0.0844137079169455,721577406.4908077,369711241.69016325,245431677.7037684,493990805.6765581,0.0532887678271558,0.1005179103745745,0.1025734723117011,0.0984623484374479,0.3986796013919488,9.87885539481945,1.59,0.5,0.05,2.744326742481997,2.7032761370733347,2.911945494007897,2.92782074307921,2.4554845412490973,2.398092873832974,2.119609228443897,2.063373606777154,2.012609228443896,1.914558963777869,1.987609228443897,1.8761091523719429,1.9826092284438968,1.8715531911333207,2.0186092284438963,1.871750993108919,2.217609228443896,1.8705955598668087,0.395609228443897,1.8752285236529167,,2.955335999551039,,2.76345697420319,,2.750838460319624,,2.786796570797865
WASP-59,115.914054870605,0.7905664516013693,0.0750088954707967,0.0774683326518609,0.0725494582897324,556765738.5768987,240099432.3442803,24309111.36377229,455889753.32478833,-0.1350310416661567,0.0988095256925676,0.0971185380714766,0.1005005133136587,1.959720622909384,38.91962437072605,0.719,0.5,-0.15,6.98163903440089,7.6489834348506225,7.701022274146989,8.585134165603836,6.161362774024888,6.667892419093631,5.1193195077284885,5.326270248934476,4.557319507728489,4.617957016495051,4.40231950772849,4.432255413352045,4.350319507728488,4.396774704883984,4.42831950772849,4.443464241617256,4.29331950772849,4.375983649376181,3.5133195077284887,4.371094454715597,10.744119507728492,9.104251351613684,7.0480195077284895,7.754522859586175,6.622919507728489,7.123521669364846,8.63801950772849,6.668317936627406
HATS-67,914.500122070313,1.5450307704059278,0.0797617250551327,0.081162235049438,0.0783612150608275,585518573.1443117,318996045.3336705,304046469.8382694,333945620.8290715,0.3282112323912535,0.0909694497512408,0.0963736170025471,0.0855652824999345,0.9593235154924414,34.93910042884774,1.435,0.51,0.332,3.742085311473529,3.663030153058184,4.026417586864229,4.102778597156421,3.30091557270403,3.138799157657706,2.832081161082929,2.520591448488905,2.540081161082929,2.241080043162886,2.521081161082929,2.157219763021581,2.443081161082929,2.1486970912314494,2.4620811610829296,2.154085535396996,1.9530811610829293,2.152475856928889,-0.6379188389170718,2.16003175456903,,4.278502666719653,,3.728065134712527,,3.521854634225199,,3.414690681675023
Kepler-198,492.486694335938,1.0085240182726551,0.0594516250774793,0.056838629451197,0.0620646207037616,4509302280.372011,2408132532.300334,2064241806.936869,2752023257.6638,0.0280187965769119,0.0974613046085969,0.0993330915626408,0.095589517654553,0.9800608973417012,55.66333537721672,0.97,3.72,0.04,5.093166080327103,5.314572827593308,5.458783832402304,5.862770340369713,4.565461841435504,4.657620995868614,3.9590274923754034,3.844825481796637,3.605027492375404,3.4174417906630543,3.565027492375404,3.3207957137959445,3.536027492375404,3.303627308725978,3.581027492375404,3.322726824427369,3.510027492375404,3.2936547151325715,0.7950274923754037,3.293413146587325,5.567027492375404,6.117567055533038,5.048027492375404,5.360584141613431,7.641827492375404,5.050296745024463,4.842127492375404,4.861707340484273
HD 207496,23.6382522583008,0.8278537264792178,0.0534897929641191,0.0488228184097087,0.0581567675185294,521727777.0170827,267452503.2067833,244763343.4936556,290141662.91991115,0.090752891806279,0.0968493134658242,0.0964723269102494,0.0972263000213989,0.0,0.1008153084462269,0.8,0.52,0.095,6.115510927048412,6.137171551652489,6.631698118057932,6.627419294954543,5.445217595902172,5.4973430605826925,4.701923185196602,4.729351718592321,4.216923185196601,4.208454491683772,4.0989231851966,4.135220412140069,,4.112205746475402,,4.172118185929569,,4.092875704127061,,4.0885205126173405,,6.887916959851664,,6.082233050431332,,5.853597971827706,,5.7480412302984005
Qatar-5,370.01824951171903,1.23202746161401,0.0565314111058956,0.05383146103511,0.0592313611766812,530007060.3650285,3952714.5908011794,3908319.441473782,3997109.7401285768,0.36889583683743,0.0900517729410995,0.096002083528815,0.0841014623533841,0.6058341436190104,16.62946605048724,1.128,0.53,0.377,4.67087291859403,4.612190688602839,5.04623245381133,5.060039568963781,4.13391040943883,4.039638757729526,3.5068842787625307,3.390205952264993,3.2478842787625304,3.0505556784975383,3.114884278762529,2.973539233383764,3.1038842787625303,2.962931231332329,3.1388842787625304,2.991117403053853,3.0458842787625304,2.963136968054739,1.0318842787625293,2.968783562240399,,5.2538740137681375,,4.618090161491566,,4.409938418628277,,4.313019142465851
KOI-351,839.217163085938,1.2702133102438733,0.0948380699215613,0.1109713814533031,0.0787047583898195,1200471105.7951002,380730469.2205674,14414177.50779692,747046760.9333379,0.0746042035929083,0.091735148075225,0.0949586839553024,0.0885116121951476,0.5605817020302349,32.5898497909792,1.12,0.53,0.098,4.107804880434209,4.037743406947636,4.405995950990809,4.400929505045781,3.6542306998311087,3.5547573726284503,3.1706282141744087,3.001728381805971,2.91162821417441,2.7148481152954846,2.862628214174409,2.657070366558727,2.81862821417441,2.648406235137889,2.8566282141744104,2.651642396566064,2.8936282141744094,2.643659324828172,-0.0313717858255913,2.645705523735131,,4.532545661936097,,4.0724116350987805,,3.920103998747213,,3.859962450331546
Kepler-349,948.0205078125,1.2566208851206806,0.111313313397299,0.1261074970688194,0.0965191297257785,1300877622.3071785,370096634.97984105,3588937.11615472,736604332.8435274,0.1221955250660999,0.1030480365623381,0.108033060796227,0.0980630123284492,1.3116755357067844,61.93908745092004,1.083,0.55,0.1509,4.826542709521416,4.733112709306063,5.174802635363715,5.296243531229304,4.304962013415516,4.090757061726479,3.699911338977016,3.284459097318269,3.398911338977016,2.904194386646286,3.291911338977016,2.797160986038308,3.227911338977016,2.7833198511031965,3.2709113389770152,2.789868330092178,2.414911338977016,2.779366893074985,-0.8570886610229849,2.782028576148329,,5.554460217634879,,4.820391917572454,,4.495499172607783,,4.289837694602576
TOI-1135,113.944770812988,1.1872802964678468,0.0576583140065006,0.0552496346990758,0.0600669933139255,589920415.6086937,318631079.8007063,189379141.2699459,447883018.33146673,-0.0028029106970395,0.096837121073868,0.0971965945421658,0.0964776476055701,0.1888309383137101,0.2663471749499797,1.156039,0.562,0.0,4.135168140702124,4.110723278550963,4.411706035904764,4.396474538759872,3.6909304316567138,3.678986608564602,3.174528003983374,3.216437409242697,2.9815280039833745,2.9491391911472005,2.908528003983374,2.913220049784348,2.860528003983374,2.9060485308072828,2.8675280039833737,2.910623752565008,2.8435280039833746,2.89982825167686,2.727528003983373,2.900950389282249,,4.481802958872792,,4.1130916130447615,,4.026596554574172,,4.024233286941701
TOI-444,57.391529083252,0.9054820375933288,0.0493926395544752,0.0465463670084351,0.0522389121005153,568553559.9690057,147057055.72160298,146486962.81103522,147627148.63217074,0.084373054309964,0.0973474793857643,0.0963968302222693,0.0982981285492592,0.3370311391975421,0.5339822171816914,0.96,0.57,0.08,5.817335193900608,5.837375093133628,6.265539234427979,6.330621547772889,5.20476443126634,5.202833416932645,4.50576102092698,4.445319384721011,4.120761020926979,3.980886167345811,4.037761020926979,3.902380374672618,3.912761020926979,3.882041377738936,3.98876102092698,3.9279996690933263,3.946761020926979,3.868362512726094,3.9087610209269794,3.867330491993042,,6.566326988974789,,5.811574520621671,,5.569680473347732,,5.446257926738896
HAT-P-70,315.88330078125,1.8976301420944468,0.0847831932753119,0.0834681154151006,0.0860982711355231,669877207.737439,188934827.9820721,178911546.36331123,198958109.60083303,-0.0588769066052106,0.0992387916794848,0.0996837565611441,0.0987938267978254,0.4407409791659772,1.4201373295734612,1.89,0.6,-0.059,1.9608656174322456,1.9311127512978,2.042843461670527,2.095284479939354,1.7856203323980662,1.744795262862766,1.5703666626592965,1.507911034586268,1.5253666626592963,1.4235734703662146,1.4653666626592958,1.387573871486767,1.4433666626592974,1.3827577081402065,1.463366662659297,1.383315145105478,1.4433666626592974,1.382678133689682,0.8353666626592968,1.3883076974816042,,2.06925756844776,,2.040013050370138,,2.101059311148876,,2.166245856286463
CoRoT-18,759.699279785156,1.1478921249508174,0.0979728411097616,0.099888929634083,0.0960567525854403,609164304.7475134,4335172.521698638,1431340.465800759,7239004.577596517,-0.1212158890664963,0.0977279062744009,0.105224105113701,0.0902317074351007,1.550215396826938,65.8825367016751,0.95,0.6,-0.1,5.383640448502,5.251646551161809,5.8211757344517,5.86610733163443,4.7733613652501,4.569602623863866,4.037791426590401,3.685706959825074,3.6777914265904,3.2717585278750114,3.6107914265903993,3.1535479127905965,3.5517914265904,3.1373345817559093,3.5517914265904,3.139010371859137,2.5647914265904,3.128681319296178,-0.6322085734095992,3.128096644167866,5.9837914265904,6.156857924244213,5.3421914265904,5.36524936247118,5.1126914265904,4.987196879447563,5.0045914265904,4.734165227806175
WASP-149,213.720138549805,1.1397288080787922,0.0567950225687722,0.0545444040886631,0.0590456410488813,629951141.6418083,342917148.67203593,316108175.2380359,369726122.106036,-0.0084052088761366,0.0972203823892351,0.0984885745006764,0.0959521902777937,0.5038021500496407,7.59183801916417,1.05,0.6,0.0,4.615377333211441,4.5685252919227946,4.963540937947842,4.94874555342432,4.100692656087443,4.05724191229647,3.5587727647300422,3.470237246138132,3.214772764730043,3.1500924123325635,3.1757727647300413,3.0919897928004336,3.108772764730041,3.081774414716911,3.162772764730041,3.089419821635838,3.1367727647300416,3.074953671135377,1.7877727647300414,3.075850850716895,,5.095037040617154,,4.590304292471179,,4.421909621876302,,4.3513000737277565
K2-105,197.887603759766,0.9986835527905942,0.0464714484595006,0.042676552087264,0.0502663448317373,601209784.4780356,101851364.4807128,101267165.95010155,102435563.01132403,0.2183016879627206,0.0993730711453849,0.1003641903815688,0.0983819519092009,0.230669830053855,18.49718873430472,0.94,0.6,0.22,5.22349730000035,5.359650100261695,5.61707773670695,5.798491150629718,4.66501036152375,4.772429304641297,4.058907051892451,4.101709027396003,3.6909070518924505,3.6947748619819394,3.6089070518924498,3.6270554250604654,3.5759070518924503,3.6107577322970488,3.638907051892451,3.654961221045157,3.6459070518924506,3.601615649699211,2.067907051892451,3.603053127196981,5.950007051892451,5.996899018508955,5.270107051892451,5.324346723984156,5.08680705189245,5.130844901630339,6.49980705189245,5.0486891063686965
WASP-195,481.724975585938,1.4077675161165455,0.0650925273428867,0.0623766515590487,0.0678084031267247,645653527.8542231,225882811.7812824,236694273.63858056,215071349.92398417,-2.969551857287702e-09,0.0925682564473303,0.0931794378439069,0.0919570750507536,0.2862395004528628,6.404366244255479,1.3,0.6,0.0,3.3682545873801963,3.2844560963614344,3.6209973547141967,3.5245419858647526,2.960155412880697,2.9299006922726742,2.5140041830222977,2.552356780112836,2.289004183022296,2.3593714156116645,2.265004183022297,2.3253670448731327,2.2240041830222967,2.320730137617764,2.2480041830222977,2.3205512869910643,2.2260041830222974,2.3173059219542065,1.2030041830222975,2.3199002284534287,,3.570942475010886,,3.3182720907865804,,3.278338821062784,,3.3043660333393285
WASP-135,297.950988769531,1.0597476958911896,0.0643690154419826,0.0636532448929959,0.0650847859909693,996742803.6104892,678413110.5964258,381784351.0603384,975041870.1325132,0.0099351140999786,0.0990834441731665,0.0992688566225212,0.0988980317238118,1.2856665669995098,20.27542509921755,0.98,0.6,0.02,5.626352833233279,5.5695775994872,6.1019874081234775,6.179502375402896,4.979941891155677,4.869409433311846,4.2102758450130775,3.9839514743512057,3.752275845013077,3.540307510480468,3.666275845013079,3.427249228835248,3.631275845013079,3.4096626731824013,3.687275845013078,3.426066507091654,3.5982758450130774,3.4014132956079006,1.267275845013078,3.401853129203415,,6.472423200875451,,5.641915714754704,,5.276789263877273,,5.040821151825092
Kepler-1760,1363.33471679688,1.1196266173980174,0.0619948687974545,0.0571268214573459,0.0668629161375631,7049111794.035839,1820001844.320696,1761404982.8760805,1878598705.7653103,0.0202968088552067,0.0935087325282273,0.0938613553867041,0.0931561096697505,0.6711460465158193,41.36602910614094,0.821,0.6,0.08,3.677864338194072,3.633227338940321,4.045272136961172,4.224565723116748,3.0167649042951705,2.925242191865062,2.3669875300275702,2.028098453408781,1.9549875300275712,1.5017352698483506,1.863987530027572,1.3983214819034029,1.826987530027571,1.370332543072641,1.8819875300275708,1.4191290901709697,1.6759875300275713,1.3492611766753648,-1.1420124699724283,1.346705550504552,,4.522989655567937,,3.640660518972588,,3.311608897479801,,3.1118058716492345
Kepler-495,661.662414550781,0.922482085258162,0.0748773511465608,0.0734300644093204,0.0763246378838011,10170824132.780468,4194632296.157383,3299639220.632464,5089625371.682302,-0.0826254554071792,0.0989074941522908,0.0983921870493551,0.0994228012552264,1.2692217934256371,44.80243832918247,0.86,4.37,-0.07,5.492416847335639,5.404922060725959,5.919856536971839,6.028952105484764,4.892747390853739,4.686703359504073,4.210817672836139,3.7655743520144336,3.755817672836139,3.290829049518171,3.70681767283614,3.1761340069782467,3.63581767283614,3.1548248446442115,3.69381767283614,3.170447968567561,3.28981767283614,3.140681742529606,0.0688176728361398,3.1382679686640573,6.06651767283614,6.330077589410131,5.44071767283614,5.477075816312762,5.223417672836138,5.095475234037092,5.10541767283614,4.844811651268528
Kepler-1978,849.521240234375,1.014593935133978,0.1091076077586519,0.1107063959346625,0.1075088195826412,5748091886.709106,4538238.186313806,2129791.949411323,6946684.423216289,-0.0665751225155351,0.0985300397288743,0.1017058872283382,0.0953541922294105,1.761437916632897,72.30338853985785,0.869,0.6,-0.04,5.709893179891742,5.599328714042279,6.179379416464041,6.313447688511301,5.075276328085041,4.8217152272931445,4.344128790853642,3.797043440036502,3.9101287908536406,3.306196364964862,3.794128790853641,3.1667949030902824,3.784128790853641,3.145338698187542,3.813128790853641,3.154363193662507,2.8351287908536413,3.133772688326617,-0.7088712091463591,3.132317996751885,6.38362879085364,6.668922474866925,5.659928790853641,5.716577408534069,5.411628790853641,5.253878608858026,5.281028790853641,4.931892508341827
Kepler-1806,954.85107421875,0.9982102774002364,0.0954416340614852,0.1042185230071106,0.0866647451158598,3945341375.696328,74918399.37759928,4973269.56383795,144863529.19136062,-0.0556154649386625,0.0958319961153207,0.1003082115534463,0.091355780677195,1.7773900119566146,64.69223188943587,0.884,0.6,-0.04,5.994609857950227,5.951871230742795,6.465512300882326,6.685364844965819,5.368106867227626,5.154920265065611,4.691321794900926,4.105648844711454,4.265321794900926,3.598968876757457,4.139321794900926,3.4557244148797235,3.961321794900927,3.4336898487274183,4.030321794900926,3.447723960433863,3.2963217949009262,3.422758568790916,-0.2716782050990733,3.4217245441921387,,7.054792776998311,,6.065177183886132,,5.588772490213362,,5.256653757078773
Kepler-1776,696.611022949219,1.2069847245119902,0.1052238489568446,0.1317560627871941,0.0786916351264952,998172237.6013331,351055801.1006857,10743280.017357824,691368322.1840136,0.0747582407048666,0.0962966772798833,0.0992890111279116,0.093304343431855,0.4406969581665299,38.58901241890375,1.041,0.6,0.1,4.330080789655375,4.255408049575879,4.631191057294576,4.610660500454581,3.8693025532661753,3.768312984576746,3.3770482884346755,3.2202017646730265,3.098048288434676,2.922744658800051,3.044048288434676,2.869233465696388,2.948048288434676,2.860412233326441,2.9860482884346755,2.8675684824920267,3.4160482884346752,2.855389424464656,-0.0479517115653251,2.857370746515437,,4.740004297381896,,4.273414360846856,,4.128856425305314,,4.078071487706356
Kepler-1767,833.626953125,0.9814663940802104,0.0753245908412878,0.0791576120881398,0.0714915695944358,2998103897.717113,659325495.2688568,23416849.94651234,1295234140.591201,0.1291991355790989,0.1017751366029279,0.1006303961018306,0.1029198771040252,1.332283440266049,64.23443142242527,0.887,0.6,0.14,6.097768442271416,6.047607541283713,6.546029703257815,6.732086457865291,5.483189241526816,5.275676021709063,4.797141260264615,4.290253146804012,4.281141260264615,3.782265493168876,4.187141260264616,3.652964701648461,4.233141260264615,3.6308409466093714,4.315141260264616,3.665663410299823,3.701141260264615,3.620749582420239,-0.1298587397353845,3.621224609575828,,7.078430578665315,,6.106585886248864,,5.689425588940854,,5.413468986458369
WTS-2,699.141296386719,1.0311094420368163,0.0627401870079352,0.0629638514823414,0.0625165225335291,604373397.1954083,103222129.3532249,105262291.98061794,101181966.72583188,0.1796661808906874,0.100149220439079,0.0990547401891144,0.1012437006890436,1.6014692168068447,65.36496420932724,0.82,0.6,0.2,6.388562475368223,6.214445461405663,6.852847372218824,6.961901718720583,5.604691778346725,5.395726885533223,4.705175222560625,4.3379883918009785,4.241175222560624,3.811854557393169,4.191175222560624,3.6658470246372,4.076175222560623,3.6431131191620776,4.144175222560625,3.679230968256886,2.884175222560623,3.63505467079449,-0.0468247774393759,3.6366141659017615,,7.348000686536533,,6.292624268475864,,5.822849378503724,,5.502430487231129
Kepler-1780,783.448303222656,1.0095636917955677,0.1056140298299546,0.1186412909845103,0.0925867686753988,5566208272.931731,361470917.98062056,6637990.131411014,716303845.8298302,-0.0223850683760323,0.0955513681905659,0.0954345558282029,0.095668180552929,1.3452406700890482,52.00714954349034,0.868,0.6,0.0,5.448379560508426,5.401529158039709,5.869694753684627,6.024756323258838,4.864559217490827,4.690687903629909,4.172948278464927,3.781487565756008,3.8029482784649264,3.326173245557168,3.726948278464926,3.210069862100611,3.631948278464927,3.1909166329839125,3.689948278464927,3.2042567415037504,3.403948278464928,3.180072954853,-0.1220517215350724,3.1791843867143075,,6.324743883293618,,5.481748472885164,,5.10159034848251,,4.851609671048558
Kepler-281,1635.68713378906,1.1086956433244834,0.0754745087510818,0.0711231861727357,0.079825831329428,6761203331.639485,1945516694.8533893,1762042296.6024609,2128991093.1043177,-0.0030334583161499,0.0960255843222119,0.0985442691076394,0.0935068995367845,1.5417238863180245,72.05416610619993,0.95,0.6,0.02,4.672434137818362,4.670485757476962,5.094981478211363,5.410308107137018,4.080162333008763,3.8581623625991446,3.4314988121957626,2.7857328107993817,3.0914988121957627,2.235398517778003,2.9254988121957624,2.092709909856332,2.929498812195762,2.0653585767050755,3.106498812195764,2.096088502639254,1.527498812195763,2.048346470833903,-1.519501187804238,2.0463934571601303,,5.789543698936262,,4.755174313594088,,4.284567008626892,,3.9599321326737305
KELT-20,136.477416992188,1.7523251746624782,0.0702428676174539,0.0688007127530787,0.071685022481829,596275345.3300432,93528136.12687264,93559077.28946155,93497194.9642837,-0.2913486729436974,0.097259465309837,0.0975533912006616,0.0969655394190123,0.0603981268713124,0.0422882544134195,1.76,0.6,-0.29,1.9145116449646016,1.9116915999754147,1.935717547064212,1.959139829495478,1.851851427679442,1.8384078475577144,1.7486960283569326,1.7569867768575846,1.770696028356932,1.731528721346793,1.7396960283569325,1.722399692605211,1.6876960283569329,1.7207103521129183,1.765696028356932,1.7212199052157915,1.7746960283569324,1.719936777548743,1.7236960283569325,1.7248276556991322,,1.8593439764490964,,2.008284830938158,,2.1754260824643032,,2.3238352098726134
Kepler-233,837.751647949219,0.9948478868002292,0.1023093650032653,0.1104164186909621,0.0942023113155685,4854003578.953826,18652858.309323862,4541164.205316855,32764552.413330875,-0.1121313973888173,0.1016586671337886,0.1112376346187012,0.092079699648876,1.592890873815566,55.52411436214358,0.855,0.6,-0.09,5.698556236364963,5.650142325141879,6.152015022375663,6.32339490733848,5.0880406418825626,4.9031116931377055,4.390423545935263,3.9280882892000633,3.939423545935263,3.45235577042644,3.837423545935263,3.3235481314339035,3.814423545935263,3.302956076956089,3.884423545935263,3.311628142348852,3.359423545935263,3.290965358675777,-0.1275764540647372,3.2891510826523858,,6.654006330549706,,5.754590391293313,,5.326529594071767,,5.034343491682054
Kepler-1779,946.208801269531,1.1071898004617238,0.1051938719229828,0.1107774145287437,0.0996103293172219,5677691464.219746,542673844.7289885,3796584.730143053,1081551104.727834,0.1375724481412217,0.1006616617724494,0.0949988424606106,0.1063244810842881,1.4173313577348583,51.8087960553932,1.008,0.6,0.16,5.10010754072462,5.061495176937263,5.520860066054221,5.7079563908605335,4.50731216871532,4.333402368783831,3.79706508314402,3.404118016959512,3.50206508314402,2.9474834578976736,3.3710650831440194,2.8243524296405527,3.4110650831440203,2.805351543654129,3.46606508314402,2.823728218140084,2.862065083144021,2.797057911463939,-0.4699349168559799,2.7980132435280964,,6.022462731757699,,5.142033277266892,,4.747756658925823,,4.486924094335949
Kepler-1691,1227.01013183594,1.3173057977230704,0.1129577283406405,0.0968097227644566,0.1291057339168244,1854103295.5143635,4207890.60908171,646235.5984622163,7769545.619701204,0.1225497429034418,0.1049422168423656,0.1098800525867395,0.1000043810979917,1.2449154562161926,73.58659339422196,1.11,0.61,0.16,4.424673859898869,4.327253390488116,4.746711556737269,4.858996629954866,3.9370182202504704,3.716411507373209,3.367759255711869,2.953295738139435,3.1227592557118697,2.596930567460949,3.01975925571187,2.495887971066579,3.03275925571187,2.482820954246688,3.06175925571187,2.4864838929378585,1.9387592557118687,2.478859845748171,-1.4082407442881308,2.4815799540478265,,5.094972007920713,,4.414451175436466,,4.116869336740281,,3.932216627120359
Kepler-164,899.322204589844,1.2093900228088417,0.1183560367664694,0.1431528231414494,0.0935592503914894,1118169038.1010091,242359636.3976969,8112490.018229595,476606782.7771643,-0.0195527886245402,0.0994683237304701,0.0999524646327105,0.0989841828282296,0.7519527730169343,45.6242776402663,1.036,0.62,0.0,4.4508928926257205,4.36898936506197,4.751699891832221,4.780619127767961,3.987682786729721,3.846583844073429,3.48442341783322,3.224768341106796,3.23842341783322,2.908258142588342,3.165423417833221,2.839561700033715,3.149423417833221,2.8290065159286173,3.16042341783322,2.830859206088824,2.71542341783322,2.821872195823931,-0.3415765821667786,2.822321581740004,,4.943285365102525,,4.4206236225106,,4.222191328137855,,4.122300963574549
HATS-36,839.038513183594,1.2929766088310812,0.1189265098497855,0.1177471262523071,0.120105893447264,913092589.224022,6948577.806881703,2132298.3173848675,11764857.29637854,0.1221447920729813,0.0956802644666112,0.0971182465243939,0.0942422824088285,1.1511303595187756,64.130238719555,1.1,0.62,0.15,4.60292660966768,4.502012655255774,4.947039959582181,5.014095661601001,4.097323773058781,3.9042959773363775,3.56209051957978,3.1666321914399007,3.236090519579781,2.8172134275995457,3.19009051957978,2.7217277844673893,3.12209051957978,2.709638817178199,3.197090519579781,2.7144548061200453,2.19609051957978,2.706431450859111,-0.9979094804202192,2.7094504770033625,,5.239301019251438,,4.580087789655096,,4.299898184840568,,4.131355832372075
Kepler-76,817.2568359375,1.35923602459662,0.1172642631013795,0.1311520359832079,0.103376490219551,1053284479.8845648,311000066.9869997,6566425.423009756,615433708.5509896,-0.100931865828257,0.0925214283783541,0.0943526407360652,0.090690216020643,0.664248633971084,32.35406191149549,1.2,0.62,-0.1,3.70094732559334,3.593465808576934,3.981288473969741,3.922973149602615,3.26382402694834,3.1719489656659587,2.7812071904004405,2.675557836455306,2.572207190400441,2.4400685240110755,2.530207190400441,2.383827726675923,2.454207190400441,2.37628709119594,2.49420719040044,2.3753120720538394,2.408207190400441,2.370424172849872,-0.3037928095995603,2.3712411157420927,,4.024651206844305,,3.66059653864344,,3.53982560047188,,3.495123708084035
Kepler-396,225.454681396484,0.996854087294852,0.0465980809113807,0.0443746978022948,0.0488214640204667,1094935786.0301394,808617501.9387348,513167723.2780984,1104067280.5993712,0.1365615639171047,0.0996529339287558,0.0991994478342125,0.1001064200232991,0.0,5.453728952180455,0.85,0.62,0.1558,5.055397682058064,5.048186747393901,5.421403579579963,5.40568220037601,4.523234062062863,4.526730077498859,3.906703712331464,3.9575509268907982,3.590703712331464,3.594084876187447,3.519703712331464,3.5468144447075143,3.475703712331464,3.5334163072399614,3.5107037123314635,3.5695546351847,3.4947037123314635,3.5239082002343087,2.6437037123314644,3.52470285947293,,5.547773230110864,,5.002053550204411,,4.872336584558177,,4.842339008804644
Kepler-1930,272.807373046875,0.969450545580504,0.0640497404281538,0.0661309606278954,0.0619685202284121,1215150049.5947802,799225270.2696261,345233402.7121724,1253217137.8270798,0.2105573096221051,0.100161545309937,0.098591797560112,0.101731293059762,1.0196112597739937,25.67217643790873,0.844,0.62,0.22,6.173834563626226,6.105882716583413,6.681713820828426,6.753764899753054,5.508644820584225,5.356115059440697,4.702719481839125,4.415698213662278,4.277719481839126,3.905529705380311,4.109719481839125,3.786078387328757,4.0547194818391255,3.763367842620092,4.114719481839126,3.8101386001034014,3.0767194818391257,3.753025153368095,1.5177194818391246,3.753933264968088,,7.085722461418882,,6.130640970563563,,5.756005771109455,,5.519665133439005
Kepler-78,124.26390838623,0.8146064660016897,0.0467764141974497,0.0434861905567035,0.0500666378381959,626028949.2984264,156710791.20679158,158815499.50858974,154606082.9049934,-0.1812283090611969,0.0965716927079501,0.0961539968007741,0.0969893886151261,0.2382536964454773,0.6217833401816895,0.779,0.625,-0.18,6.054136694842256,6.0375377513347015,6.523236693316356,6.507280445883026,5.4228195561703565,5.418587208496304,4.712274954729956,4.672432343340981,4.203274954729958,4.195742130135963,4.114274954729957,4.124963421047642,4.057274954729957,4.102628506797619,4.112274954729957,4.1407438803746,4.108274954729957,4.083871061688131,3.736274954729957,4.079686381191338,,6.724084227497598,,6.012850176324148,,5.781971414204458,,5.66601461240908
Kepler-364,878.945861816406,1.2652042335284646,0.1266827011244813,0.1455171983309462,0.1078482039180164,1536580309.4142644,217743446.6669801,8719980.814739803,426766912.5192205,-0.0534994819105532,0.1025880528114792,0.0969002000680654,0.1082759055548929,0.4720221068067223,40.84631186817495,1.076,0.63,-0.031,3.882056093259552,3.793849909833504,4.161917543454852,4.112217067262472,3.4451187611062526,3.355633368060716,2.956189371152652,2.8562303228865096,2.699189371152652,2.595063685018308,2.668189371152652,2.547140893848624,2.6461893711526514,2.5390902895149896,2.6731893711526524,2.538299756463954,3.1011893711526515,2.531156208369263,-0.4058106288473482,2.530880208625794,,4.212733119652579,,3.8332014347630463,,3.7157697855242624,,3.680897559599046
K2-136,58.75247955322271,0.7270424134086818,0.0444016910627214,0.0393493205325826,0.0494540615928601,649988254.2591356,69563471.03409606,70437464.67652118,68689477.39167094,-0.0155424568458853,0.0981045888290133,0.1011558883634215,0.0950532892946052,0.4387234711398284,2.5966663773526304,0.742,0.65,-0.02,7.0085467495057046,7.119013567464397,7.694621960077004,7.804329889318549,6.207541386041305,6.327404354062962,5.250868999871905,5.300536696963707,4.650868999871905,4.629281263973831,4.522868999871905,4.513203354341988,4.4278689998719045,4.483262531157977,4.5048689998719045,4.549623703119748,4.456868999871904,4.45442649409972,4.266868999871905,4.443428965537208,8.354568999871905,8.229609962388892,6.998468999871905,7.107814832596353,6.592368999871905,6.713983855651185,7.199468999871906,6.476397677796289
K2-260,667.940246582031,1.6948416540942453,0.0809586323287679,0.080147205606438,0.0817700590510979,895254102.6199005,479357489.9801161,474478738.575616,484236241.38461626,0.3328349519989148,0.0919322098353642,0.0920898917976044,0.0917745278731241,1.108983344001459,15.289193980319808,1.637,0.65,0.334,3.3327337892881417,3.270384309104301,3.6558233888975415,3.732822951969928,2.843043008648541,2.739058770831561,2.2763119371763416,2.097077201404462,2.0653119371763413,1.8186485233390763,1.9693119371763408,1.7263645590182302,1.915311937176341,1.7164329176753688,1.9123119371763408,1.7201659799444782,1.7713119371763408,1.719908745446544,-0.1176880628236585,1.7277279541671111,,3.918600658265407,,3.35273946910153,,3.129490600901537,,3.003229897980676
KELT-17,225.960296630859,1.646459059117746,0.0708624709612312,0.0682969112913607,0.0734280306311017,658312286.5433975,145987822.8544463,147017533.26282382,144958112.44606876,-0.0160080777873547,0.0964253062875643,0.0961614258854333,0.0966891866896954,0.1661863844065697,0.4159985198411665,1.635,0.65,-0.018,2.446109765839397,2.428026094397947,2.572811120819868,2.573538589586365,2.2091016710518065,2.203374491348144,1.974839319062056,1.9755823579424985,1.926839319062056,1.8738737011141475,1.8758393190620577,1.8521046673501256,1.849839319062056,1.8494030369180217,1.8878393190620564,1.8496096400079,1.8558393190620563,1.848077495823272,1.5448393190620564,1.852407907913069,,2.54758094915514,,2.482182918223762,,2.544149868254704,,2.6356790771104275
TOI-5398,130.836532592773,1.163840311038869,0.0539925182846734,0.0503047947984205,0.0576802417709263,651404553.5346267,152899539.20102274,151758973.23128855,154040105.17075694,0.0874124440913999,0.0975733962339943,0.0973863349273524,0.0977604575406362,0.2911323951694188,2.131665632226736,1.146,0.65,0.09,4.4038159600479965,4.391386078860385,4.7017085305436055,4.7299888939547445,3.943542217372215,3.90930119529772,3.4423548699601056,3.3797037581721256,3.188354869960106,3.078633007293845,3.129354869960105,3.0308681549352814,3.095354869960106,3.0221273973981644,3.1383548699601054,3.03451256643705,3.077354869960105,3.0170618884909404,2.3283548699601058,3.019150819539912,,4.850963816530657,,4.390879800577576,,4.2634460564318335,,4.229428900826165
Kepler-289,711.575012207031,1.1989566054593144,0.0718293868564758,0.0737331589379099,0.0699256147750417,741062340.7328838,371297111.4315702,120659494.78856637,621934728.074574,0.0310967468118162,0.0960495178442259,0.0964571787463684,0.0956418569420834,0.881411318197391,48.314801256010085,1.08,0.65,0.05,4.691029734118724,4.625293568768084,5.037434763415623,5.084235466852677,4.178934282763823,4.06041449231974,3.599896555407824,3.379628539103236,3.334896555407824,3.0371268146177246,3.2468965554078224,2.9575095615952263,3.209896555407824,2.9459056191842485,3.275896555407824,2.951379090018013,3.617896555407823,2.940228534463036,-0.3491034445921759,2.9417273254964584,,5.278261850346695,,4.680208720300497,,4.443316922917703,,4.312916096010088
WASP-102,505.26629638671903,1.2638795949202253,0.0607790255616358,0.0581675902081164,0.0633904609151552,676477726.9795147,68345120.83423829,67762867.78051579,68927373.88796079,-0.2087234788124561,0.0968980597770995,0.0962390974011592,0.0975570221530399,0.8102967835066526,26.840878948422016,1.08,0.67,-0.2,4.035821279149365,4.072910777972037,4.380685170750967,4.449031074825324,3.528326352696766,3.605032530272621,2.976398351292966,3.0358257014298737,2.7033983512929662,2.762070960311537,2.588398351292966,2.69749935716475,2.5783983512929662,2.6883417450583305,2.6223983512929667,2.686451892298648,2.5173983512929663,2.679042836989602,0.4433983512929664,2.677229331731335,4.647898351292966,4.58314011067602,4.134998351292966,4.150142483874539,3.9719983512929655,3.9812228712457207,4.788498351292967,3.89785377970023
Kepler-43,989.948791503906,1.4420294656061294,0.0854358596119492,0.091960982900741,0.0789107363231573,972399388.37408,445401424.4420389,95593241.50750732,795209607.3765705,0.3194780698584304,0.0920613067930012,0.0992784798966138,0.0848441336893885,0.8147055941550548,40.50528208259543,1.32,0.69,0.33,3.8988236724363663,3.824810387897921,4.219130450390466,4.25184734588039,3.421130114697066,3.2973136969008405,2.879936350964167,2.686610408650682,2.6269363509641668,2.396059053941766,2.570936350964166,2.318380798330262,2.552936350964167,2.309871260831002,2.573936350964166,2.318627155548265,2.8099363509641666,2.312519414530426,-0.7030636490358333,2.319331305660816,,4.422839551554042,,3.8708099690040463,,3.674241875202533,,3.5788112679147908
WASP-93,367.69921875,1.4343913727262363,0.0810709306981902,0.0842219653934106,0.0779198960029698,1172470254.966696,562887916.580905,141127791.65284193,984648041.508968,0.0594290226351564,0.0928983528325944,0.0981726046920027,0.0876241009731861,0.2240192706321785,4.840458275915388,1.334,0.7,0.07,3.1569229084668846,3.094931962474248,3.3820720631299848,3.3300766540232813,2.7640491444287845,2.738290919604522,2.4055364643750847,2.366262069778757,2.169536464375084,2.171748102466486,2.1145364643750844,2.13946008694284,2.0595364643750846,2.13469765296964,2.0725364643750845,2.1350193361836247,2.0265364643750834,2.1319060584114418,1.2445364643750834,2.135175601018912,,3.373839525381749,,3.1188047792431703,,3.0840863895908,,3.116166970093238
WASP-120,380.239685058594,1.4933275669736,0.0672446406097178,0.0639792998326409,0.0705099813867946,717867537.5799127,99458985.92361385,99628869.5838076,99289102.2634201,-0.0343237631385584,0.0959803665738203,0.0973128306497196,0.094647902497921,0.2289909244071706,4.076142717980948,1.393,0.7,-0.05,2.998385849689009,2.906524319748096,3.218887749408208,3.100523627430583,2.627977791522409,2.6127729737954315,2.247712792132808,2.30688763628964,2.081712792132808,2.15826904077441,1.9767127921328087,2.130644196032073,1.9007127921328089,2.127094147067227,1.921712792132808,2.126852630309976,1.9077127921328083,2.1242539878007545,1.380712792132809,2.127246232824351,,3.111900305222603,,2.9496599479889607,,2.957159903645718,,3.0149025452050444
TOI-4562,344.432037353516,1.2638795961818403,0.06038237288722,0.0574216047295859,0.0633431410448541,703246279.6129571,100423990.01378743,101553561.3637929,99294418.663782,0.0697070377875755,0.0994918440330882,0.0983806324222355,0.1006030556439409,0.6625273695738585,13.277093651594951,1.192,0.7,0.08,4.262890423975024,4.214945657432577,4.577119435510622,4.60549026121183,3.781317319116624,3.7099788189496414,3.245482297143922,3.12292201093017,3.0074822971439223,2.823499189780727,2.9334822971439225,2.759074534497657,2.892482297143922,2.7499132821097607,2.932482297143923,2.7538538894020443,2.9044822971439226,2.7456508534067363,1.009482297143923,2.7479446344746856,,4.75491470493408,,4.256368881799444,,4.080550567779683,,4.00095535361778
TOI-1801,30.8564720153809,0.5617096118615226,0.035303013595366,0.0325531058384335,0.0380529213522985,700001508.6173607,100870183.6507494,100954898.7409706,100785468.56052816,-0.1909984962187566,0.0976595207390264,0.0975806824791388,0.097738358998914,0.5983323054222076,2.720200431586252,0.556,0.7,-0.19,8.382903319608996,8.524215253907213,9.354544860136295,9.451652343583715,7.410137397062577,7.565393350024992,6.202268653166096,6.278926735737161,5.555268653166097,5.512556039315957,5.358268653166096,5.328151379647535,5.2132686531660966,5.253887926899528,5.222268653166097,5.261615472210687,5.1442686531660975,5.151294761763952,4.893268653166096,5.118139845772459,10.211868653166096,10.088696543834642,8.558768653166096,8.596279622709165,7.826168653166096,7.981180658347672,8.308768653166096,7.5858044113615
TOI-1136,84.4321136474609,1.0404842246282842,0.0478045070839141,0.0461079256943917,0.0495010884734365,700778754.0466517,151091355.2825716,153242311.83163035,148940398.73351288,0.0669654539982228,0.0969843860101894,0.0948424559420512,0.0991263160783277,0.0,0.0780827939009344,1.022,0.7,0.07,4.742967140371411,4.748969770264294,5.065195572073071,5.065576518073799,4.250954162771309,4.267391913498492,3.7304616929837096,3.753398350634632,3.455461692983709,3.4283447049401348,3.4014616929837107,3.389936509877417,3.3214616929837097,3.379386546597316,3.3534616929837098,3.403737717542526,3.3284616929837103,3.37109318024854,3.4084616929837104,3.371841400617079,,5.176956385594069,,4.7133831154287655,,4.610441266609045,,4.600485541842683
Kepler-1721,631.93505859375,0.9850533831912064,0.0763412792291255,0.0815327602135039,0.0711497982447471,3480226858.8175607,727275238.7590201,19703020.15381021,1434847457.36423,-0.0517381439110489,0.0965689863932398,0.0993020242866247,0.0938359484998549,1.4334162399483312,44.724441984225216,0.89,0.7,-0.04,5.860510278622515,5.814797683958719,6.303730417172314,6.472894804293609,5.251876283566315,5.073109104441475,4.541637750546315,4.117539190454937,4.131637750546314,3.6383052902718216,4.012637750546315,3.514506713934333,3.965637750546314,3.494062486498444,4.0226377505463145,3.510874279356439,3.4696377505463154,3.48297359825378,0.3836377505463151,3.4819381848979325,,6.796222145737287,,5.8984747641752655,,5.489490894020302,,5.215924008824498
Kepler-1747,1262.33752441406,1.1055505166884485,0.1096518718701943,0.1039083845833299,0.1153953591570586,6740676781.3717785,9058189.345097383,1095373.9511592248,17021004.739035547,0.1801481623294906,0.0880426530066364,0.0866496064026159,0.0894356996106569,1.9899794081036983,79.79944106414382,0.983,0.7,0.21,5.45220664493244,5.420946576262843,5.903691325108241,6.224445629822887,4.839435610691741,4.568203886900207,4.14812253848714,3.4408456938681,3.7241225384871406,2.909739202680236,3.53012253848714,2.7477758192661743,3.65412253848714,2.7241636836424425,3.7681225384871393,2.7476469100732803,1.9101225384871403,2.7155508748993094,-1.0838774615128592,2.7167128788993264,,6.637947777842291,,5.541357682514734,,5.013615547304199,,4.639647597251423
Kepler-1901,997.351135253906,1.1704678558102035,0.1100206549402206,0.1123609045047167,0.1076804053757245,3887479144.596292,6256692.774057373,1822805.096239795,10690580.45187495,0.108298701662704,0.0981652809522129,0.1084756637217506,0.0878548981826753,1.3694210827985418,54.16692247222156,1.022,0.7,0.14,4.895124764471449,4.846778056093843,5.269669861822548,5.453578685267015,4.357352585821548,4.15803981744152,3.761759568243448,3.282431698351115,3.486759568243448,2.85780088668174,3.3157595682434486,2.7429413668883966,3.288759568243448,2.7259088804338885,3.3097595682434484,2.7364571898072705,2.2867595682434487,2.718303711005303,-0.5462404317565515,2.719262324257801,,5.74080599974027,,4.932106851881388,,4.56820520169653,,4.330872234065589
Kepler-1858,843.115844726563,0.9787971098202216,0.1143610968784469,0.1086914805113291,0.1200307132455648,5147458441.157522,4368057.008593783,3106099.356236092,5630014.660951474,0.1329262147550509,0.0992511091553901,0.0998875044830914,0.0986147138276889,1.3675056356318611,62.80053175600104,0.785,0.7,0.16,5.999654053641093,5.93033738573202,6.498016594839793,6.616002494877276,5.349059342337393,5.158956314069609,4.589563744497992,4.172145068213201,4.112563744497994,3.667116333560193,4.033563744497993,3.537264956880396,3.9875637444979937,3.515277813552682,4.0345637444979925,3.5478190297626484,3.4515637444979923,3.505122434433941,-0.1364362555020069,3.505506058573762,,6.96178613978732,,5.994182161595049,,5.574112426123854,,5.295029566309471
Kepler-1694,512.142211914063,0.9571658193272364,0.0920312610633425,0.1072503467745381,0.0768121753521469,3640077940.700234,462213598.8585975,8503790.308970839,915923407.408224,0.1249057875930664,0.0989503562604215,0.0973162244848005,0.1005844880360424,1.3055227585997506,47.87489024405366,0.82,0.7,0.14,6.192477563358539,6.130373344261034,6.702684739567038,6.819623476101127,5.528776505924439,5.35244154813895,4.741047135807239,4.3576545942503495,4.254047135807239,3.8390621811280985,4.165047135807239,3.7092000881642897,4.056047135807239,3.686187104753649,4.119047135807239,3.7233859209739433,3.7040471358072384,3.6751585800393256,0.4390471358072396,3.675280608396296,,7.170379662401812,,6.185542297506375,,5.765692554693972,,5.487934039403106
Kepler-1816,440.901916503906,0.8822567025440052,0.0710640836721376,0.0723718727648551,0.0697562945794201,2715068752.1321707,738491317.4540334,36288075.18174974,1440694559.726317,-0.2477867103645082,0.0983691983009551,0.0974467078695129,0.0992916887323973,1.2796277824232865,30.955465462525844,0.786,0.7,-0.24,6.2213242389917855,6.173407645694457,6.703277859902485,6.812343046544935,5.581952367043586,5.439317703977144,4.820290066933685,4.492610122689504,4.333290066933685,3.997189152387506,4.305290066933685,3.879981207721367,4.211290066933685,3.8569722112857097,4.266290066933685,3.873515049584837,3.7552900669336857,3.841600536861756,1.2472900669336848,3.838118671990048,,7.1245724147662,,6.245583683166542,,5.849781198124338,,5.587695584536683
Kepler-1757,798.878540039063,0.9638073352226556,0.1004638306767199,0.1090913256628817,0.0918363356905582,4776484671.979939,15840000.412875704,3886343.6347537553,27793657.19099765,-0.2568610675421623,0.0906622097221441,0.0914707027939184,0.0898537166503699,1.758188238344228,60.5243801513767,0.828,0.7,-0.24,5.8431202879457125,5.799642977743952,6.319735240033113,6.49834298502717,5.214672755291813,5.036528990222424,4.521596224835314,4.024506862281697,4.042596224835313,3.538794755159026,4.030596224835312,3.403231646041175,3.937596224835312,3.381479467085292,4.041596224835313,3.3841267719290995,3.3505962248353125,3.3670215599487907,-0.1944037751646874,3.3633489058540915,,6.844076129235915,,5.924555106188021,,5.468131554056963,,5.149707930159759
HD 235088,41.2117080688477,0.8485224032612093,0.0446536947926694,0.0416070849526248,0.047700304632714,699971625.3897185,154218264.08045763,153490024.29813635,154946503.8627789,-0.0201421844330982,0.0973222153025849,0.09769933503424,0.0969450955709298,0.0755456473011015,0.0890162330382071,0.849,0.7,-0.02,5.878220290481926,5.879976322202706,6.331543654739746,6.32844896942317,5.259819716751456,5.276432801804607,4.570896926224116,4.563310977529567,4.148896926224116,4.09355068256354,4.008896926224115,4.028520698824521,3.919896926224116,4.00767809008072,4.019896926224115,4.053973018953694,3.999896926224116,3.990442879234649,4.084896926224116,3.987443098523364,,6.53899661797705,,5.836347251490357,,5.632349654755905,,5.541565924557101
TOI-4364,43.8304748535156,0.4949355547315172,0.0339557494762349,0.0320757471956862,0.0358357517567835,710043813.8041803,101251191.61456944,103245507.06428444,99256876.1648544,0.1490905004611048,0.096136205397592,0.0973051356561138,0.0949672751390702,0.336588341066395,0.1368757172637484,0.487,0.71,0.148,9.325378917303055,9.355847466595208,10.587525867071056,10.506959252057714,8.210810206975856,8.2972604073488,6.743119121160456,6.788383084076302,6.098119121160456,6.063416672922077,5.866119121160455,5.8550557046406775,5.740119121160456,5.768331730769471,5.648119121160455,5.699367226134603,5.555119121160455,5.591290582993478,5.624119121160456,5.526059460583419,,11.122271472024636,,9.663471744962065,,8.743445702375528,,8.172641563505687
K2-25,44.6183624267578,0.3133779167182288,0.0315264804442604,0.0300695093629677,0.0329834515255532,729489359.0176395,51015344.35058737,50747579.96803069,51283108.733144045,0.1702717825661489,0.083324406157283,0.0864682344099863,0.0801805779045796,0.5044962993854536,9.01017611804121,0.2634,0.73,0.15,11.107886310582511,11.165471255314404,12.816287990575113,12.86743820814948,9.85493850327041,9.909804834031547,8.055431865697212,7.919499920265351,7.484431865697211,7.231960615959072,7.196431865697212,6.986207336985542,7.027431865697212,6.8433450133381655,6.838431865697212,6.654864653767525,6.688431865697211,6.52434329087343,5.053431865697212,6.437233068727325,13.478031865697211,13.52194702304296,12.02413186569721,11.962095910047791,10.625531865697212,10.45474430521414,9.567831865697212,9.558660552289092
WASP-189,98.5988388061523,2.0146577521787283,0.0725856380725229,0.0721418838529945,0.0730293922920513,714653939.8328817,111525502.92373914,113210347.98590398,109840657.86157428,0.288239718048121,0.0978103671013485,0.0991837653919399,0.096436968810757,0.0834542564646887,0.1520882818777648,2.03,0.73,0.29,1.6023482471586623,1.6038891877073582,1.6889752536894331,1.740030046044814,1.4181741863371329,1.38007399135112,1.1966409984709232,1.1736253752379966,1.150640998470923,1.0825554798656516,1.0906409984709224,1.061517905982694,1.1276409984709233,1.058353045297317,1.0596409984709227,1.0592157071250852,1.1486409984709232,1.0610799446770756,0.9916409984709232,1.0693211027680252,,1.706783596194743,,1.6409550704806048,,1.717270490757459,,1.821571032465908
K2-100,181.73649597168,1.2489114809450574,0.0534116312193283,0.0516290565428505,0.0551942058958061,750005519.300686,5579755.692085981,6182040.605394602,4977470.778777361,0.2067461125494205,0.0982332763017941,0.0977580992460147,0.0987084533575735,0.2071604742247907,9.731248847797932,1.15,0.75,0.22,4.112987460448311,4.063790958703243,4.40148157055571,4.375334544382649,3.66206830914218,3.606626111068562,3.1657892487784096,3.121858375553353,2.944789248778412,2.846689919540813,2.884789248778411,2.803817826935506,2.877789248778411,2.796919857231429,2.8917892487784105,2.810446424338533,2.84778924877841,2.794932985318469,1.33478924877841,2.7988914315718008,,4.47849436321052,,4.055340521885127,,3.955515444081016,,3.945451027677383
WASP-14,160.184982299805,1.5095431536857904,0.0885399047464928,0.0869768814538591,0.0901029280391265,609212059.1290351,273371223.00459576,277780860.75393283,268961585.25525874,-0.0234688964450736,0.1022259277443063,0.1016898028342226,0.10276205265439,1.2289667035911354,4.296950600439164,1.62,0.75,0.0,3.629541845239189,3.6811337706284446,3.852050275720149,4.118821268659099,3.24710318557122,3.203812580062013,2.845891012109309,2.591682504708011,2.6268910121093096,2.3393095158657924,2.5978910121093097,2.2498119649995028,2.543891012109309,2.2400082671292885,2.57189101210931,2.2398962072714967,2.551891012109309,2.2375931404685825,2.4158910121093093,2.240876794091409,,4.2824050957556885,,3.8035243783386665,,3.5992832999069804,,3.475188364096596
WASP-194,474.810272216797,1.3607006323492803,0.0688565298827788,0.0675983130268429,0.0701147467387146,934982107.0537378,513051193.13196045,351355516.52419126,674746869.7397296,-0.0039736073920359,0.0959663083980161,0.0938112860058923,0.0981213307901399,0.3988631005769278,7.08375940550477,1.29,0.75,0.0,3.5337889349932183,3.4871242918946974,3.780864969539119,3.7684373706732632,3.134843126582618,3.091286135362955,2.70939946966122,2.654542933416832,2.5383994696612184,2.432051480066749,2.492399469661219,2.389775563826922,2.4263994696612183,2.383762722712897,2.4403994696612195,2.383534836086284,2.43339946966122,2.379426436174439,1.1243994696612187,2.3814819494838377,,3.842746973353481,,3.524919013156147,,3.446187194690874,,3.4417095943505034
Kepler-619,904.743408203125,1.130303207351646,0.0712435765195249,0.0723193818279799,0.0701677712110699,4059361821.0419087,2116668218.500876,2073167463.308545,2160168973.693206,0.0381579151107044,0.0986539220285196,0.0992926635347121,0.0980151805223272,1.278423401587557,60.33294025107985,1.09,3.47,0.05,4.876015630856408,4.856872251104011,5.225287405148407,5.435790207183845,4.362295118466207,4.190516958183049,3.796372861996508,3.3464623377863285,3.480372861996507,2.932058635615636,3.508372861996508,2.824447075542062,3.431372861996508,2.807829305571917,3.474372861996507,2.815621855772556,3.2443728619965064,2.798917731138732,-0.7996271380034923,2.7989628423549915,,5.705317792971758,,4.938451195945496,,4.595893523186309,,4.375930126778353
K2-95,178.303344726563,0.5678737524229868,0.0375233234122244,0.0370800614015154,0.0379665854229334,790293175.3211609,29796362.432136536,30391278.439157248,29201446.425115824,0.1081189556779572,0.0985375471311885,0.0983753282919548,0.0986997659704222,1.7763037860119062,77.72573845757984,0.41,0.79,0.1,9.805045063930669,9.820490776321854,11.198620732265567,11.180559186531768,8.644881184536167,8.55787148254996,7.056202549892566,6.742358753224982,6.482202549892566,5.839234461135332,6.218202549892567,5.561912480320909,6.075202549892566,5.480138469451447,5.969202549892566,5.464125703244678,5.026202549892567,5.352359100663408,1.1792025498925662,5.300434943396668,11.768802549892566,12.020073981222218,10.378802549892566,10.102667940916229,9.114002549892566,9.055673100238726,8.439902549892567,8.326001986353536
K2-104,185.061431884766,0.6267402617519806,0.0432164400618374,0.0409595794469735,0.0454733006767013,790208867.443097,29479750.18097371,29105185.79233706,29854314.56961036,0.1861917548205915,0.0965707086107948,0.0967417869400102,0.0963996302815794,1.2750171885953827,45.43762840636765,0.51,0.79,0.18,9.034426421302197,9.025431584742403,10.222832411902798,10.203267316041217,7.957242697852497,7.88816878807626,6.541420409339297,6.281693964291284,5.915420409339298,5.414573080768349,5.677420409339296,5.185269073430943,5.568420409339296,5.123786561183259,5.498420409339298,5.145807264010442,4.792420409339297,5.031203688769731,1.812420409339296,4.986207242257043,,10.952097634657791,,9.221826765222849,,8.351376953262367,,7.756562705655162
K2-102,184.647842407227,0.8828317260936739,0.0552321412719461,0.0576221071253677,0.0528421754185245,790130092.2626817,29839201.924148083,30065189.10870266,29613214.739593506,0.1236134086063192,0.0984459164010363,0.0980762840234947,0.098815548778578,2.240717908190983,62.846774312819775,0.77,0.79,0.14,6.505216717726731,7.542072568156314,7.085719227797532,8.538967261472171,5.786114811904032,6.51717864729673,4.950278813368832,5.119290984627952,4.4072788133688325,4.41380717597332,4.308278813368832,4.210399462650845,4.248278813368832,4.175959173815772,4.323278813368831,4.229078465233121,4.211278813368831,4.160822524955712,2.182278813368831,4.159106983942492,9.242078813368831,9.098805343655544,9.00137881336883,7.661373975616669,9.404578813368833,6.985583266844128,6.680078813368831,6.493318063181287
K2-101,184.563980102539,0.9122195138923832,0.060284080543233,0.0605205477764352,0.0600476133100308,790105490.6464808,30231450.051992595,30283039.667713284,30179860.436271902,0.0716314677592158,0.0981155031478075,0.0994923327752566,0.0967386735203583,1.6687790690463082,34.16457494426437,0.82,0.79,0.07,6.318202489700864,6.815255273127603,6.856254094925463,7.627085668657295,5.634595388260463,5.9375941184913374,4.831265264359065,4.77856142766109,4.347265264359065,4.180708388587246,4.205265264359063,4.0219506196589965,4.151265264359063,3.993848293038801,4.248265264359064,4.037146102076012,3.966265264359064,3.980537204641662,2.072265264359064,3.979595077672319,9.369065264359064,8.059620399462233,6.343665264359064,6.895072888415129,6.098465264359064,6.372527340674788,7.245265264359064,6.008325241363027
EPIC 211822797,185.03157043457,0.6858739844789341,0.0489643109260364,0.0445657733603825,0.0533628484916902,790120739.0602598,30327274.457758665,30062095.467947125,30592453.447570205,0.2113810935340476,0.0975967365013544,0.0975255537471681,0.0976679192555408,0.860918138335988,29.529721689174096,0.62,0.79,0.2,8.171419293684377,8.19436705870843,9.143728406233176,9.17021335335213,7.195219189924578,7.195516894515546,5.940770825666777,5.825387815826907,5.2687708256667785,5.014576116086241,5.092770825666778,4.832672375945276,5.004770825666777,4.788870007762113,5.012770825666778,4.846787412716588,5.166770825666778,4.733467426040712,2.099770825666778,4.700381926558831,9.741270825666778,9.819755772753894,8.324670825666779,8.286755771901799,7.925870825666778,7.62387814088539,7.181970825666778,7.1843054230350765
Kepler-169,409.448486328125,0.95078781300149,0.0612939112100139,0.0609481918829368,0.0616396305370909,1255376740.7305677,749886227.0914032,274880011.0760421,1224892443.1067643,0.1602264461043926,0.1028428026229091,0.1010822257486088,0.1046033794972095,0.8617831147084971,32.72004295603146,0.825,0.79,0.17,6.085970584561013,6.0247751104549305,6.587713901211412,6.631674562510025,5.4330517689482125,5.306245778305798,4.668003650356912,4.413944780141309,4.222003650356912,3.917891722712541,4.125003650356913,3.809281784741904,4.036003650356912,3.787379147304072,4.132003650356912,3.832177590050851,3.746003650356913,3.776089611771967,1.0690036503569136,3.776368780849793,,6.936740027948029,,6.039336128999592,,5.698197699253752,,5.489843696447865
Kepler-1870,399.618255615234,1.0328759583462728,0.0577629938035069,0.0561030336828121,0.0594229539242017,1030585074.1783416,697259055.7681795,465069473.0740019,929448638.4623572,0.0608756314205998,0.0973067285430853,0.0955805662271428,0.0990328908590279,0.7658150221926808,22.138875400165745,0.955,0.79,0.07,5.404788766981728,5.360978419782172,5.8090818272844285,5.86748935936787,4.827354227186827,4.733663005422722,4.177773401381128,3.977572271932624,3.803773401381127,3.5677056797714592,3.749773401381127,3.481636734799956,3.673773401381128,3.465927772493482,3.719773401381128,3.4901460399365742,3.796773401381128,3.4573298433171304,1.2267734013811271,3.457918182708572,,6.098093496760985,,5.385108068563494,,5.115648738703528,,4.963541102553347
TOI-262,44.1042823791504,0.9521113059405858,0.0534649585296182,0.0494912120237559,0.0574387050354805,800427251.7263939,101021096.98647308,101902901.98926556,100139291.9836806,0.2552371813421895,0.09853370807491,0.0981824966735086,0.0988849194763114,0.0,0.196776862866536,0.913,0.8,0.26,5.455533707303738,5.485798749767442,5.886665070218768,5.90955736030763,4.858614647550319,4.904212130419905,4.164596199674338,4.245971652873056,3.8285961996743385,3.820542079853096,3.744596199674338,3.757794356848081,,3.7396243933494495,,3.79364112173236,,3.728704189214043,,3.729500196011898,,6.108330590153717,,5.426085329248502,,5.253921687670692,,5.1926573139182
TOI-199,101.65446472168,0.942563905061856,0.0476766145196746,0.0444442689575855,0.0509089600817637,812849889.295762,624926893.4388051,363718084.44120085,886135702.4364095,0.2195376803847779,0.0979557948481162,0.0981995154743003,0.0977120742219321,0.0564448894500193,0.0415325171126541,0.936,0.8,0.22,5.542677723554238,5.544001041144354,5.983055912641138,5.97827213635123,4.946250759748068,4.954504943561632,4.293367710736838,4.280333950890553,3.9163677107368375,3.848095459555173,3.7783677107368376,3.78325931254773,3.725367710736837,3.764871573217366,3.788367710736837,3.8170223595309234,3.728367710736837,3.7533184079311392,3.7173677107368377,3.753701474985226,,6.181977679965087,,5.490531164788458,,5.30709688667416,,5.235521692068418
TOI-521,60.8404197692871,0.4599934106009413,0.0357183474203423,0.0342747685047027,0.0371619263359819,800428530.346232,99766691.72148842,98590302.50723326,100943080.93574356,-0.1178826207342332,0.0972947049501615,0.0990033058903378,0.0955861040099852,0.8322853121156354,2.0396296934392018,0.42,0.8,-0.12,9.64744700333078,9.6944764803993,10.95760001083818,10.848812571393632,8.51514662643868,8.596714991103347,7.000038990940679,7.060738016411441,6.436038990940679,6.297639049724162,6.16803899094068,6.054079615127512,6.064038990940679,5.948006421292418,5.933038990940679,5.87934646747402,5.80603899094068,5.772513995000621,5.08503899094068,5.71417174841564,,11.58748523877254,,9.90609183812035,,9.04914101814344,,8.479333200601937
MASCARA-4,168.091979980469,1.741702655420411,0.0651984305760282,0.0626312597651892,0.0677656013868672,796515917.4418273,95563815.86664116,94422663.32054484,96704968.41273747,-0.0012249780085978,0.0958468549517633,0.0951847333900623,0.0965089765134642,0.086649217683627,0.1016033627014918,1.75,0.8,0.0,2.057828123279635,2.058340376615352,2.136503393360205,2.17981082059257,1.887226278492034,1.857291427072584,1.7092650358162542,1.6617159690836298,1.6572650358162546,1.5745084478005378,1.6222650358162545,1.5572877417240156,1.4992650358162545,1.5545008582512374,1.565265035816254,1.554581685332757,1.5762650358162542,1.5530956294006797,1.4982650358162548,1.557706180205305,,2.1362008678584634,,2.1088055945937567,,2.1945566379970574,,2.302376028589851
TOI-1775,148.735107421875,0.9422365406395672,0.0498843869864205,0.0468409191381243,0.0529278548347166,844737689.8706506,637965952.6026406,433955262.54382455,841976642.6614567,0.1638603837851121,0.0963442531900335,0.0967098402521765,0.0959786661278905,0.3734607484981076,13.372921182006817,0.9218,0.8,0.162,5.588668588567002,5.720181871677243,6.012922052312102,6.215722541173028,5.000982049870703,5.08564257045731,4.327932542729601,4.33288109724464,3.9399325427296015,3.879821628946868,3.8599325427296014,3.7995461994968327,3.818932542729601,3.780096100771187,3.858932542729602,3.827066697815756,3.767932542729602,3.768415325044919,2.4819325427296013,3.768560606100872,6.4242325427296025,6.452913076262296,5.645132542729601,5.69525087645542,5.408532542729602,5.45331793134521,6.593632542729602,5.330249158917046
TOI-5126,159.778656005859,1.2562012928016606,0.0632771224770103,0.0626948664870492,0.0638593784669714,1413915233.7402258,862602232.4802213,434537079.00591016,1290667385.9545324,0.1772075619769427,0.0988870970006205,0.1003026461973994,0.0974715478038416,0.221295512878524,0.8655318418420062,1.24,0.8,0.18,3.92823748019568,3.919971795310192,4.20490030673375,4.22494213680944,3.501529258760129,3.4713452408372003,3.025406181367549,2.993315393887856,2.82740618136755,2.7235288835544025,2.759406181367549,2.6818155776637944,2.6944061813675493,2.6748272037953686,2.72540618136755,2.684781817454966,2.6634061813675487,2.671883087685443,2.255406181367549,2.6752639136134926,,4.322567457509781,,3.917127707839383,,3.8205878519682166,,3.811743758879988
TOI-1238,70.6406326293945,0.6483403076485302,0.0369535093390731,0.0335770756246719,0.0403299430534743,800179637.0642271,101763185.75624949,102540432.70176087,100985938.81073809,0.3050683869515544,0.094252052350465,0.0953762995045216,0.0931278051964083,0.0,0.4155050534233627,0.59,0.8,0.31,7.968721126406693,7.999734197988908,8.914063190310493,8.895479207627407,7.006355975954994,7.086201457554457,5.793727100222593,5.839204805250684,5.1027271002225945,5.10555249330015,4.938727100222593,4.955476374651274,4.860727100222594,4.907983996287813,4.893727100222593,4.940671553171499,4.7917271002225945,4.823756399331397,4.8287271002225935,4.777001299244479,,9.430624307216943,,8.132594353750584,,7.4882570898468925,,7.101874469653434
TOI-4087,302.399810791016,1.2238180820884828,0.058188054705194,0.0550116378282805,0.0613644715821075,1054507940.3549062,662379740.3892974,395924940.1059553,928834540.6726394,0.2305675954356394,0.1009783141804288,0.1008339073143286,0.101122721046529,0.3469015966907104,7.481316657406746,1.178,0.8,0.237,4.2978952275651086,4.275736508771208,4.604065691127108,4.635253791645079,3.831971918238908,3.7770972624140593,3.351092424525508,3.2297721898788474,3.0900924245255084,2.9267782399688977,3.033092424525508,2.8726524391807287,2.9870924245255086,2.864082510064544,3.0290924245255084,2.8814314213926315,2.9780924245255083,2.8617178021344736,1.568092424525508,2.8655832748579506,,4.769859764179371,,4.273742658074219,,4.133831825050951,,4.090861915687004
TOI-912,26.0886917114258,0.4417331653294626,0.0442692074123155,0.0421703565542537,0.0463680582703772,800136304.677078,99700313.58807112,99299877.6431967,100100749.53294551,-0.1891165599739222,0.1022923609272244,0.1015618218102495,0.1030229000441993,0.6393676130317293,0.2359945534510513,0.418,0.8,-0.19,9.560846864092772,9.61544342361034,10.846041261065473,10.711843448231354,8.438195763934072,8.5600122048165,7.006738496172872,7.098566253231281,6.385738496172872,6.361284815172888,6.121738496172872,6.127877045435581,,6.019197335546059,,5.946516751133527,,5.840551718517143,,5.783295235474132,,11.42893695494435,,9.7984644272621,,9.000743259638073,,8.477606501186465
TOI-1749,99.1604995727539,0.5876666813601895,0.0406978332770533,0.0373175791854193,0.0440780873686873,800317548.3486686,100571115.5746423,101333956.98366152,99808274.16562308,-0.2543373973682912,0.0991466818034247,0.0997359724823274,0.0985573911245221,1.083570781832352,11.413531525869484,0.58,0.8,-0.26,8.184303974756288,8.570713856590519,9.066125607141489,9.548566101063187,7.260740971216288,7.563648115565613,6.087306469568288,6.191266418404259,5.464306469568287,5.374364959953129,5.288306469568287,5.182175011224039,5.174306469568288,5.121148808998695,5.154306469568287,5.152629863096155,5.001306469568288,5.045179829519485,4.450306469568288,5.02262659343495,10.946806469568289,10.207048371745964,8.365906469568287,8.64894712707312,7.801306469568287,7.996705005903932,8.719806469568287,7.558214588890447
Kepler-1693,782.211303710938,1.0632050631400265,0.1097508956430688,0.1211875595436283,0.0983142317425094,5496498428.736449,529919880.4741774,7123057.815416204,1052716703.1329386,0.1365263201464651,0.1004249317261691,0.0961712785202601,0.1046785849320781,1.247410694495357,53.38259919446932,0.941,0.8,0.16,5.2652101587370375,5.224387734093429,5.661313064010537,5.837939298483193,4.705695159347437,4.518879228490129,4.060379561813237,3.630563638948261,3.6863795618132382,3.183398967618853,3.634379561813239,3.06917816194313,3.6233795618132376,3.050945238971425,3.648379561813238,3.0722517841090498,3.057379561813237,3.042746328532525,-0.2896204381867626,3.043728344694111,,6.133433790059478,,5.288834929511523,,4.92488404956974,,4.690989322154988
Kepler-1771,908.149353027344,1.1302632689063696,0.0702485246831131,0.0654632997937572,0.0750337495724691,5990841043.279146,1620654377.7766614,1639480707.1955729,1601828048.35775,-0.037670280731722,0.0973502559834861,0.0996898839810103,0.0950106279859619,0.7739360282867029,40.18508177056913,0.941,0.8,0.0,3.921119090010349,3.881114930480069,4.2422755917803485,4.363794296971291,3.379409190107948,3.279068567034833,2.7822136105791486,2.543755009338649,2.415213610579148,2.14883723197436,2.3612136105791475,2.067229810295365,2.3242136105791484,2.0502618298555078,2.3622136105791487,2.062416761741797,3.053213610579148,2.0369790727199963,-0.6057863894208513,2.035421732543637,,4.572953971457007,,3.9184409260812174,,3.660814150216431,,3.5142971190969763
Kepler-74,1127.03405761719,1.3885716163992832,0.1353973656351699,0.1246820163159023,0.1461127149544374,1886675885.6515572,470726034.8794653,1135678.8027509288,940316390.9561796,0.3970578471437738,0.076017934427943,0.0849699679653626,0.0670659008905234,0.8624710826703229,63.48185520381436,1.18,0.8,0.42,4.092566806017544,4.001283118933563,4.433498698412544,4.476014749238971,3.588998156725543,3.4220576955314828,3.0463147994867423,2.7477583686071374,2.7483147994867423,2.42105128430147,2.698314799486744,2.333632631000113,2.599314799486743,2.323225992475158,2.630314799486744,2.3416369803821078,2.6373147994867434,2.325680294750926,-1.379685200513256,2.332641840693124,,4.6808623479239095,,4.037212900217568,,3.803120834226052,,3.680529775111607
Kepler-1822,876.535583496094,0.9771397572403532,0.1547296273666796,0.1574232253066255,0.1520360294267337,7099409652.7583,2887441838.157453,1904205.565928364,5772979470.748978,-0.3549456587876854,0.0953386420954508,0.1017750293140281,0.0889022548768736,2.5464746494826023,81.33623786075046,0.782,0.8,-0.32,5.8426059486500215,5.801343143377222,6.330250144206621,6.673769086290738,5.196099639140721,4.911525294708055,4.469152243816021,3.676300435896199,3.9471522438160207,3.120651205400413,3.8591522438160215,2.9402348051933878,3.79415224381602,2.913616008383504,3.8701522438160207,2.9103440265381524,1.7321522438160208,2.8955417399801178,-0.7518477561839791,2.8892575363778974,,7.12377954627237,,5.998154154567043,,5.384609755798155,,4.927350848602699
MASCARA-1,180.943283081055,1.869582173024792,0.0780519923564834,0.0756747321868647,0.0804292525261021,742451553.9656936,167368108.05464658,169468269.8639266,165267946.24536657,0.1485173392604796,0.0982997217749721,0.0968851279599654,0.0997143155899788,0.2236347081937148,0.324514307144998,1.9,0.8,0.15,1.9656398352123732,1.9727476693490784,2.066174274299284,2.135791249012817,1.7598493154980144,1.7338750614778342,1.5312876699902036,1.488824734152031,1.461287669990203,1.384056735399428,1.452287669990204,1.356437858771497,1.370287669990204,1.352609301305761,1.4252876699902035,1.3530680271833069,1.4352876699902035,1.3532654769774783,1.4092876699902035,1.3596775449818037,,2.11913211162084,,2.027358364875831,,2.07805850121164,,2.1584526936192856
HATS-70,1273.2890625,1.8030811297085805,0.0810632532599617,0.0784086194124995,0.083717887107424,1080656769.9236095,233624732.67071012,223166893.19929087,244082572.14212945,0.0343899219776425,0.0981844344649133,0.0997102053125482,0.0966586636172783,0.4068683376815257,35.5716280601787,1.78,0.81,0.041,2.049130712088417,2.0481334834422658,2.152965817984416,2.285879301947812,1.8652603965367172,1.7255631023830351,1.614364957388716,1.3665608743799758,1.5813649573887163,1.204859330259466,1.5153649573887158,1.1632434029622485,1.524364957388716,1.1563241399932866,1.5653649573887165,1.15572257901663,1.9643649573887172,1.153286637430524,-1.5776350426112842,1.1572866949925142,,2.318919980866033,,2.105038304689165,,2.0802977501615687,,2.1038755194224468
Kepler-1067,654.002380371094,0.9920852094501575,0.0742555030660749,0.07442211708085,0.0740888890512998,7705173192.846578,3738419971.415081,2980706213.2384167,4496133729.591745,0.0203864804100171,0.1005196878148445,0.1000788473391532,0.1009605282905358,1.1211009092842243,38.54986485634852,0.95,4.79,0.03,5.184760520387998,5.174327114794108,5.578936049867998,5.757003081737985,4.630907485414898,4.490729158691761,4.027103354860699,3.630882070405024,3.7001033548606994,3.1857213845771293,3.5781033548606995,3.0804689977283264,3.4971033548606982,3.0617061625867543,3.560103354860699,3.079378081800464,3.449103354860698,3.0503530653767754,0.1831033548606981,3.049511153941812,,6.032374539069118,,5.232852828752462,,4.890938585786694,,4.674675794960617
TOI-2152,317.145416259766,1.5431075971873045,0.08123398805614,0.0795224955925621,0.0829454805197178,1243416608.1741867,646954621.7119288,436631968.2184726,857277275.2053851,0.2797216210765705,0.096551010802259,0.0988536409527848,0.0942483806517331,1.1702789624617882,1.454958002029357,1.516,0.83,0.282,3.737160831471407,3.687517792585784,4.154719501515308,4.186800043441776,3.1294309196672074,3.113212272445838,2.466707805653508,2.41238526999967,2.162707805653508,2.097976409201879,2.0907078056535067,2.0002873473789733,2.0287078056535077,1.9892198263736005,2.0367078056535064,1.9944749009312792,1.963707805653508,1.9907984283180644,1.461707805653507,1.997222611769969,,4.399414311920534,,3.768070514320147,,3.5080502363924566,,3.354544563377906
TOI-712,58.6451530456543,0.7319986046531383,0.0439523466920748,0.0399459747773898,0.0479587186067599,829929829.5302182,301189645.6138565,316100120.96296006,286279170.2647531,-0.0202353091280441,0.0975915850534371,0.0965037781998771,0.098679391906997,0.0349567747805407,0.0233601679485624,0.732,0.83,-0.02,6.738790666335408,6.745691953645873,7.341483270400408,7.321942897504106,6.004406129592258,6.0374827124954304,5.142839380019508,5.148652323288112,4.5678393800195085,4.530028912024197,4.471839380019508,4.440949572649585,4.391839380019508,4.413938450955417,4.451839380019507,4.479241698313379,4.377839380019507,4.385737935342664,4.399839380019508,4.375428674530172,,7.6732313631408,,6.702352633320492,,6.402895605507926,,6.244592997509811
TOI-201,112.07918548584,1.3202023482295444,0.0574206746757454,0.0547592016531701,0.0600821476983206,875823486.0456091,462403899.87588537,384645858.6902214,540161941.0615493,0.2393426773737098,0.0993486469388296,0.0988777421816977,0.0998195516959615,0.1131456378716883,0.0958921059965236,1.316,0.87,0.24,3.7016644912161407,3.695355947084708,3.95637373499056,3.966384465865326,3.2848926024832306,3.2772758306874525,2.85537516931673,2.8510163192357654,2.6753751693167303,2.607906053940272,2.5983751693167303,2.5730331110142703,2.5343751693167302,2.567812233140324,2.58137516931673,2.578150038081903,2.58637516931673,2.567308713657177,2.44337516931673,2.57212829331083,,4.042002983041371,,3.6840893017998506,,3.620161418950572,,3.639165912441432
Kepler-261,315.022491455078,0.8960977975275479,0.05000900235878314,0.04663972328357624,0.05337828143399004,1123838772.8105545,843164715.8053488,494920293.86174256,1191409137.748955,0.16207572687254176,0.09808314779756354,0.09655921352432484,0.09960708207080224,0.45002848707954757,62.10596195264355,0.834,0.87,0.1621,6.02652835059815,6.067781581953738,6.510260574108949,6.619451545929778,5.38870906043705,5.38563395033766,4.63529219031985,4.552874506645483,4.18029219031985,4.047615194035382,4.0932921903198505,3.9551291392482524,4.04529219031985,3.932381758995834,4.118292190319849,3.9863027972407212,4.185292190319849,3.9181197169281363,1.2292921903198497,3.9169267214145913,6.7598921903198494,6.901652989092238,4.7060921903198505,6.046084552430685,8.25469219031985,5.760136068813567,5.661592190319849,5.601904158641808
Kepler-140,564.185302734375,1.212799235719173,0.10838711158500725,0.13288148118242749,0.083892741987587,1385526221.1124277,498286496.17369485,12129898.872738019,984443093.4746517,-0.05933133794356929,0.10132210906707867,0.09722695836582732,0.10541725976833002,0.5299176835874827,33.65429440243938,1.044,0.88,-0.039,4.174434508160347,4.097442249286624,4.456330145672547,4.444557331231739,3.7335995090759475,3.6284165404081454,3.231891157940648,3.086677345209244,3.0018911579406478,2.8008680251564737,2.951891157940647,2.747826825644642,2.924891157940648,2.7387194013754916,2.9698911579406477,2.7385979431045353,2.8838911579406474,2.730141977975942,0.019891157940646664,2.7295357734333336,,4.565622558881673,,4.136569415328622,,3.9923613366721113,,3.9370462223502565
Kepler-1312,298.798522949219,1.0472936394629702,0.05217318617981925,0.05004839888441137,0.054297973475227135,2204930019.1729264,897678081.4087714,812351538.0387099,983004624.7788329,-0.026677987783068822,0.09688588896531976,0.09683025885626484,0.09694151907437468,0.644972166546596,16.703951778518878,0.99,2.0,-0.02,4.9931267275419335,4.968797500752658,5.344008304080034,5.411911583160972,4.476069308718734,4.398546810562567,3.9461077684965344,3.721703680560256,3.570107768496533,3.3522609041394333,3.530107768496534,3.280887114051779,3.4961077684965334,3.267379065464393,3.527107768496534,3.280192879540864,3.5551077684965344,3.258161642424555,1.3311077684965342,3.2579695370775386,,5.5995248531273605,,4.994949104119164,,4.772561128363888,,4.6575745445448336
Kepler-1725,562.528137207031,1.1856438729293117,0.06894565558770649,0.07309738652557085,0.06479392464984213,1280415958.295174,583237171.2554605,159734906.28277898,1006739436.2281419,-0.015551521417551013,0.0985234391545042,0.09876127862388195,0.09828559968512646,0.42826422163269134,22.551617931087357,1.049,0.89,0.0,4.262883865853063,4.202859227466218,4.559549057503363,4.542938606604185,3.807479584236763,3.7312898025804477,3.3092787480551635,3.1978536747689255,3.0742787480551623,2.907019094525877,3.0002787480551625,2.857170325829795,2.951278748055163,2.848233580370249,2.991278748055164,2.8512449264414563,3.116278748055164,2.8409027684702775,0.6222787480551624,2.841328978804661,,4.661614602334607,,4.22654990170978,,4.09092207025047,,4.045630401646719
TOI-622,122.550224304199,1.3323921322750893,0.056795922828148604,0.053844146390760184,0.059747699265537024,904847590.1419168,202058506.77279407,203592010.95580077,200525002.58978736,0.08788530667531821,0.09884191547110793,0.10025090397016027,0.0974329269720556,0.06567683011414462,0.13386011320927643,1.313,0.9,0.09,3.456483570525463,3.441173716608259,3.6881692089531937,3.6662629933692608,3.0676657833550527,3.073158471559435,2.6664294476006534,2.7036339519173227,2.4864294476006528,2.4917372054706526,2.4164294476006525,2.4663926947873125,2.3504294476006526,2.4619908719529495,2.420429447600653,2.4641393494473776,2.4274294476006526,2.4587616542820045,2.5234294476006527,2.4616746133525975,,3.7090498005247454,,3.441759819445167,,3.4123418932543337,,3.455102791457571
XO-1,161.711669921875,0.9646452784301534,0.04745141836435679,0.046848167842420296,0.048054668886293284,1758746559.698743,1021415822.8746232,387895777.4027744,1654935868.346472,0.011597547728292515,0.0980581204348156,0.0971227486168357,0.0989934922527955,0.04014190204678257,2.488782992185731,0.88,0.9,0.02,4.959516609707046,5.0595323329402415,5.304263199367647,5.409681724551274,4.445673073330047,4.545915145851732,3.895293190517547,3.9789012169392044,3.557293190517548,3.6175029841392887,3.4832931905175464,3.5726188615470043,3.4512931905175463,3.5592091814546567,3.474293190517548,3.5873530404895293,3.463293190517547,3.547943851770224,3.2042931905175465,3.5473184182146396,5.740693190517547,5.543788529552571,5.005793190517547,5.02431030865961,4.824793190517546,4.8930923839114975,5.270693190517546,4.859580685918108
TrES-3,231.08137512207,0.972122060997567,0.057261579150670205,0.054825324978613255,0.059697833322727156,1637710943.125287,1043108620.802932,426522413.7488934,1659694827.8569708,-0.1945676842703601,0.09842469711232256,0.09737467762005428,0.09947471660459084,0.7501984544340976,12.816900291788466,0.928,0.9,-0.19,5.372304014362155,5.343271672900503,5.740519575275255,5.815674939102407,4.836366705097055,4.747435382777185,4.196175283588256,4.023033194633165,3.836175283588255,3.6280085602366365,3.789175283588256,3.550414092869063,3.7491752835882552,3.5345122480661777,3.7921752835882563,3.54445601101981,3.724175283588255,3.5220100883379626,1.8331752835882549,3.519783245731488,,6.022170685239708,,5.3806057926679935,,5.127681180386418,,4.986061216788944
Kepler-1885,814.092102050781,1.0805991200390235,0.09705997231499958,0.11026156690602329,0.08385837772397586,4591007661.915235,725819771.2861753,7833600.163264239,1443805942.4090862,0.048052605060810064,0.09418211802709184,0.09654817739679182,0.09181605865739186,1.4017699923630713,46.91537649105383,0.977,0.9,0.07,5.234082129547399,5.194938109590996,5.6528309851382,5.820372277566197,4.655727294037099,4.487012732813451,3.9726322928163995,3.58215206044892,3.6376322928164004,3.138480544101607,3.5556322928163997,3.020496179525754,3.5326322928164,3.0024109230739047,3.6226322928164,3.0144039567582603,2.976632292816399,2.993589200329353,-0.1323677071836009,2.9938156319886557,,6.120596062662585,,5.280829899418579,,4.8997671132631915,,4.648521660694856
Kepler-1781,968.182678222656,1.108238532836618,0.07314656013306431,0.07678879156992124,0.06950432869620737,3334109795.6899476,734925298.6085565,20361177.841613606,1449489419.3754995,0.43462039372730304,0.07647327128194092,0.08811961848132999,0.06482692408255186,1.5517985132368979,67.01368993309023,1.053,0.9,0.44,5.790620943950104,5.7574654776186796,6.252540728496003,6.494841211659513,5.169042727397404,4.948849849570224,4.471213457988204,3.9255331478056004,4.102213457988205,3.4300180677215386,4.088213457988205,3.282576435207932,3.9842134579882043,3.261148497616461,4.040213457988205,3.304858820140736,3.0272134579882053,3.257993545972087,-0.4727865420117947,3.2628853661660493,,6.878033200470159,,5.822657836035431,,5.371559350153002,,5.070809145391885
Kepler-1881,1114.10900878906,1.0178495903846803,0.1280113732030949,0.17568825464009585,0.08033449176609397,9018492410.646145,4459481081.039838,5702773903.235896,3216188258.8437796,0.04304452665817352,0.10291079977870782,0.10000343495118319,0.10581816460623245,2.1074998443310147,89.86851969147607,0.812,0.9,0.12,5.613478444745779,5.558014118932295,6.03255441062718,6.40829666928536,4.95862462394498,4.664076355675413,4.188361570050979,3.4624475112656166,3.708361570050979,2.8865577414755563,3.743361570050979,2.7152299457264117,3.5983615700509795,2.688022060685648,3.6563615700509793,2.712078739825274,2.00736157005098,2.6747615563702,-1.272638429949021,2.6737126736801557,,6.8521348250548115,,5.68905490652353,,5.11790332816094,,4.706259421874554
